creator,url,odds_top,best_strength,confirmations,distributors,best_outlier,best_reach,best_channel,best_channel_subs,best_title,evidence,peak_outlier_any,peak_reach_any,last_seen
lifeanywhere,https://www.youtube.com/@lifeanywhere,0.9999,0.996,7,24,3678.1,8507547,Techno Fusion HD,53100,Couple Turns Old Bus into a Luxury Tiny Home on Wheels  🚍 (by @lifeanywhere ),firme,3678.1,9647913,2026-07-21
bjornbrenton,https://www.youtube.com/@bjornbrenton,0.9983,0.965,6,24,55.4,6854459,Machine stage,2780000,This man built a massive log cabin in the forest with his own hands in just one year! @bjornbrenton,firme,55.4,11514731,2026-08-11
GrumpyToadCreations,https://www.youtube.com/@GrumpyToadCreations,0.9982,0.894,8,15,14.1,3187034,World Build,36500,"Man Built His Dream Mansion Himself and Saved $350,000 Doing It | by @GrumpyToadCreations",firme,51.2,3187034,2026-08-09
ThisIsMyAlaska,https://www.youtube.com/@ThisIsMyAlaska,0.9982,0.936,7,22,75.1,1103396,Not Fake: fyp,18700,How a Man Used 500 Massive Logs to Build a Cabin | Start to Finish by @ThisIsMyAlaska,firme,94.3,1103396,2026-08-08
Wolfpupfab,https://www.youtube.com/@Wolfpupfab,0.9967,0.93,6,10,24.1,1430788,MAKERS HD,3260,Man Spends Months Building a Hidden Underground Shelter Beneath His Home | by@Wolfpupfab,firme,94.8,1828091,2026-07-28
JulienMalara,https://www.youtube.com/@JulienMalara,0.9965,0.984,3,9,135.8,4095126,Lord Gizmo,505000,He Turned 4 Shipping Containers Into a Luxury Home | Start to Finish by @JulienMalara,firme,135.8,4095126,2026-07-18
buildersblueprint,https://www.youtube.com/@buildersblueprint,0.9949,0.961,4,20,128.1,1671528,TTI Build Stories ,1800000,Man Built a FULL HOUSE Inside a Van… And It’s Unreal! 😳. ( By ‪@buildersblueprint‬),firme,128.1,5698757,2026-08-05
AtlasSurvivalShelters,https://www.youtube.com/@AtlasSurvivalShelters,0.994,0.994,0,2,431.0,6334363,Not Fake: fyp,18700,"Man builds a $400,000 SECRET Underground Bunker | Start to Finish by @AtlasSurvivalShelters",débil,431.0,6334363,2025-06-24
Carpenter_AnXu,https://www.youtube.com/@Carpenter_AnXu,0.9929,0.967,3,12,405.9,1972111,22TechZoom,97400,Man Builds Amazing Wooden Mansion in Mountain Start to Finish by @Carpenter_AnXu,firme,405.9,1972111,2026-07-30
shurap,https://www.youtube.com/@shurap,0.9924,0.992,0,2,302.9,6320066,MrDuck104,406000,Forging Damascus steel From Steel Mesh...(@shurap),débil,302.9,6320066,2024-10-01
slothconstruction,https://www.youtube.com/@slothconstruction,0.9924,0.902,5,16,27.8,647958,WildCraft Builds,16000,Building a Dream Modern House in 28 Minutes: Complete Timelapse Magic @slothconstruction,firme,27.8,1631059,2026-08-07
DmitryLukinDIY,https://www.youtube.com/@DmitryLukinDIY,0.991,0.931,4,25,24.9,3081742,Machine stage,2780000,This man is building an incredible house in 500 days for just $5000! @DmitryLukinDIY‬,firme,1934.8,3081742,2026-08-03
MustaqimMuhammadHatta,https://www.youtube.com/@MustaqimMuhammadHatta,0.9886,0.968,2,6,67.3,2029539,Lord Gizmo,505000,"Man Turns a Giant 5,000 Liter Water Tank Into Real Boat | Start To Finish by  @MustaqimMuhammadHatta",firme,67.3,4436765,2026-07-18
NickandMaëla,https://www.youtube.com/@NickandMaëla,0.9874,0.942,3,13,70.7,1245326,Rustic Roots Build,12400,Couple Builds Stunning Off-Grid Log Cabin Using Only Hand Tools - Start to Finish @NickandMaëla,firme,106.3,1245326,2026-08-09
Worzalla_Brothers,https://www.youtube.com/@Worzalla_Brothers,0.9856,0.976,1,16,86.0,7605353,Maker World,19200,Two Brothers Turned 100-Year Abandoned SILO Into a Luxury Family Space | @Worzalla_Brothers,firme,86.0,7605353,2026-08-07
nikrijavec47,https://www.youtube.com/@nikrijavec47,0.9853,0.887,4,14,12.8,3091173,Betelhem Tech,28000,"Part 4 - 7 Years of Building a Wooden HousebyHandNoGridElectricity, for My Family|By@nikrijavec47",firme,30.4,3091173,2026-08-09
WildGnomos,https://www.youtube.com/@WildGnomos,0.9847,0.929,3,13,99.2,1003649,Quantum Build Studio,18400,Man Builds Stunning Wooden Cabin on a Remote Volcanic Island | Start to Finish by @WildGnomos,firme,597.3,1003649,2026-07-20
JerryRigEverything,https://www.youtube.com/@JerryRigEverything,0.9826,0.983,0,2,220.7,3244480,Not Fake: fyp,18700,A Man builds a SECRET Underground Bunker in his Backyard | Start to Finish by @JerryRigEverything,débil,220.7,3244480,2025-04-07
VillaAroldi,https://www.youtube.com/@VillaAroldi,0.981,0.947,2,7,202.9,1352344,Smart Fox,85100,You Won’t Believe This Abandoned Italian Villa Transformation | Timelapse by @VillaAroldi,firme,419.6,1838897,2026-06-23
LetsBuildAHouse,https://www.youtube.com/@LetsBuildAHouse,0.9809,0.852,4,23,26.2,353396,99Techspot,100000,Army Couple Builds Dream Home from Scratch | Complete Build Timelapse by @LetsBuildAHouse‬,firme,26.2,1349258,2026-08-05
LifeontheMoose,https://www.youtube.com/@LifeontheMoose,0.9797,0.843,4,12,185.2,321081,COLLAB,12400,Man Builds OFF-GRID CABIN in the Michigan Forest | Start to Finish by @LifeontheMoose,firme,185.2,1189773,2026-08-01
andrewryanpov,https://www.youtube.com/@andrewryanpov,0.9748,0.884,3,10,38.4,518445,99Techspot,100000,"Man Turns a $30,000 Truck Into a Luxury Apartment on Wheels | Start to Finish by ‪@andrewryanpov‬",firme,63.3,4730215,2026-07-25
yudaikawase,https://www.youtube.com/@yudaikawase,0.9745,0.958,1,7,221.7,1602740,KLIFS TECH,71100,He Turns Old Pickup Truck into Camper With Only $2000. By @yudaikawase,firme,221.7,1602740,2026-08-05
luxonbushcraft,https://www.youtube.com/@luxonbushcraft,0.9739,0.879,3,14,11.6,687162,MAKERS HD,3260,Man Transforms a Forgotten 1957 House in the Forest  | Start to Finish@luxonbushcraft,firme,93.2,938062,2026-08-09
woodjunkie_yt,https://www.youtube.com/@woodjunkie_yt,0.9694,0.915,2,7,57.9,782034,99Techspot,100000,Off-Grid Log Cabin Built From Scratch by a Young Couple | Full Timelapse by ‪@woodjunkie_yt‬,firme,57.9,782034,2026-03-27
RRBuildings,https://www.youtube.com/@RRBuildings,0.9689,0.914,2,9,17.8,989867,CabinCraft,6330,From Empty Ground to a Massive Workshop | Start to Finish @RRBuildings @QuantumMakers ,firme,17.8,989867,2026-08-07
WildernessSurvivalMan,https://www.youtube.com/@WildernessSurvivalMan,0.967,0.847,3,5,8.2,1969541,Betelhem Tech,28000,Building a Hobbit-Style Shelter in the Snow — Winter Survival ❄️🏡🔥 | By @WildernessSurvivalMan,firme,8.2,2922624,2026-08-03
DoBeDiff,https://www.youtube.com/@DoBeDiff,0.9658,0.842,3,5,7.7,751556,MrS,19100,"Couple Builds Their Dream Home for Only $5,000 - No Interior Yet: @DoBeDiff",firme,7.7,757699,2026-07-21
PolissyaBushcraft,https://www.youtube.com/@PolissyaBushcraft,0.9657,0.943,1,9,951.9,1250851,SwiftBuild,4010,Man builds secret shelter in HUGE Tree----- Start to finish by @PolissyaBushcraft,firme,951.9,1250851,2026-07-28
Nasatchannel,https://www.youtube.com/@Nasatchannel,0.9637,0.94,1,7,39.9,1201490,Lord Gizmo,505000,Man Builds a FULL-SIZE Boat Powered by a CAR ENGINE | Start to Finish by @Nasatchannel,firme,39.9,1201490,2026-07-14
The-Quinta,https://www.youtube.com/@The-Quinta,0.963,0.963,0,1,1018.5,1765575,COLLAB,12400,Man Buys an Abandoned House and Restores It to New in 18 Months | by @The-Quinta,débil,1018.5,1765575,2026-02-12
MontanaHaven,https://www.youtube.com/@MontanaHaven,0.9627,0.827,3,14,40.9,272510,Smart Fox,85100,This Alaska Home Build Will Blow Your Mind  by ⁨@MontanaHaven⁩,firme,40.9,906141,2026-08-02
OutbackMike,https://www.youtube.com/@OutbackMike,0.9604,0.89,2,14,18.3,552703,Lord Gizmo,505000,He Turned a Giant Tree Into a Massive Canoe | Start to Finish by @OutbackMike,firme,43.4,13087716,2026-07-31
rampewild,https://www.youtube.com/@rampewild,0.9588,0.931,1,5,25.0,6049317,Betelhem Tech,28000,The Perfect Fire Pit — Grilling Meat Amidst Nature 🔥🥩 | By @rampewild.,firme,25.0,6049317,2026-08-03
WoodsandWondersCabin,https://www.youtube.com/@WoodsandWondersCabin,0.9576,0.803,3,12,5.0,279829,CabinCraft,6330,Woman Builds Dream Wood Cabin 20 Minutes -TIMELAPSE | Start to Finish  @WoodsandWondersCabin ,firme,17.4,2383567,2026-06-30
ateliermavi,https://www.youtube.com/@ateliermavi,0.9556,0.926,1,3,23.2,1179221,Life Rhythm TV,4350,Couple Transforms an Abandoned Stone House in Italy Into Their Dream Home | by @ateliermavi,firme,23.2,1191329,2026-08-06
ProjectswithChristineJesse,https://www.youtube.com/@ProjectswithChristineJesse,0.9546,0.924,1,16,190.9,927329,22TechZoom,97400,Couple Builds a Stunning A-Frame Cabin in the Forest  Start to Finish @ProjectswithChristineJesse,firme,194.7,5245004,2026-08-04
homemade_madness,https://www.youtube.com/@homemade_madness,0.9514,0.865,2,4,9.7,492590,Life Rhythm TV,4350,Man Builds His Own Unique Off-Road CBR1000 Buggy  | From Start to Finish @homemade_madness,firme,17.5,4818629,2026-06-19
LesBricoloveurs,https://www.youtube.com/@LesBricoloveurs,0.9512,0.864,2,5,31.4,409460,TTI Build Stories ,1800000,From Absolute Garbage To A Million Dollar Masterpiece In 20 Minutes! ⏱️ (By @LesBricoloveurs  ),firme,70.1,1768699,2026-07-19
normalguydoesitall,https://www.youtube.com/@normalguydoesitall,0.9494,0.916,1,10,251.2,783087,Quantum Builders,8730,The Incredible Story of a DIY Garage Built from Old Pallets | Start to Finish by @normalguydoesitall,firme,251.2,2319522,2026-07-24
LeChantierdesMax,https://www.youtube.com/@LeChantierdesMax,0.9476,0.854,2,5,8.8,780060,Maker World,19200,Couple Builds Modern Dream Cabin With Their Own Hands | Start to Finish by @LeChantierdesMax ‬,firme,51.3,791790,2026-07-29
Mr_Ho,https://www.youtube.com/@Mr_Ho,0.9469,0.852,2,26,8.8,9109816,TechFreeze,3220000,Man Builds a Real UFO Boat That Actually Works! | Full Build Process by @Mr_Ho,firme,14.6,9109816,2026-08-07
LiveDontWatch,https://www.youtube.com/@LiveDontWatch,0.9461,0.91,1,8,102.3,739601,KLIFS TECH,71100,"He Builds a Dream Houseboat for his Family with only $30,000. By @LiveDontWatch",firme,102.3,739601,2026-07-23
alex-wild,https://www.youtube.com/@alex-wild,0.946,0.85,2,6,8.4,2030976,Betelhem Tech,28000,-27°C Outside — +25°C Inside a Bunker ❄️🔥|  By @alex-wild,firme,8.4,2030976,2026-08-04
NickandMaela,https://www.youtube.com/@NickandMaela,0.9455,0.909,1,3,17.3,1680975,MrS,19100,A Couple Built a Wooden Cabin by Themselves in 2.5 Years Using Only Basic Tools: @NickandMaela‬,firme,17.3,1680975,2026-07-10
ThanhĐiềnNTĐ,https://www.youtube.com/@ThanhĐiềnNTĐ,0.942,0.839,2,4,7.3,1716775,BRAIN TIME VT,33700,Man Hand-Builds a Massive Wooden Fishing Boat From Raw Logs | from beginning to end @ThanhĐiềnNTĐ,firme,7.3,3884006,2026-08-10
restorationofantique,https://www.youtube.com/@restorationofantique,0.9373,0.895,1,2,28.8,601212,MrDuck104,406000,Restoring WW2 Machine Gun...(@restorationofantique),firme,28.8,601212,2024-10-06
JJfishing19marine,https://www.youtube.com/@JJfishing19marine,0.933,0.933,0,3,34.8,1049493,Lord Gizmo,505000,Man Builds THE Fastest Traditional Boat with Engine | Start to Finish by @JJfishing19marine,media,34.8,1049493,2026-07-31
beccanlevisalaska,https://www.youtube.com/@beccanlevisalaska,0.9312,0.809,2,7,5.2,510432,MrS,19100,A Couple Builds an Off-Grid Log Cabin Together in Alaska: @beccanlevisalaska,firme,23.5,510432,2026-08-07
TheModernHomeProject,https://www.youtube.com/@TheModernHomeProject,0.9303,0.93,0,6,328.1,1022764,Quantum Builders,8730,He Built an IMPOSSIBLE Container House in the Desert | Full Build by @TheModernHomeProject,media,328.1,1411966,2026-08-03
enancinar,https://www.youtube.com/@enancinar,0.9298,0.883,1,5,77.2,514723,Smart Fox,85100,A Man Turns an Old Mercedes Bus into a Cozy Home on Wheels | Timelapse by @enancinar,firme,77.2,514723,2026-07-11
WildBushDrive,https://www.youtube.com/@WildBushDrive,0.9292,0.929,0,2,24.1,15313144,TK Maker,25100,Digging Your Own Survival Tunnel — Completely Hidden in the Forest  By @WildBushDrive,débil,24.1,15313144,2026-07-15
botanik6140,https://www.youtube.com/@botanik6140,0.9278,0.88,1,5,11.8,7479451,TK Maker,25100,Shelter Under a Fallen Tree — Surviving in Harsh Conditions 🌲🕳️🔥  By @botanik6140,firme,11.8,7479451,2026-08-07
frengen_engineering,https://www.youtube.com/@frengen_engineering,0.9277,0.799,2,7,4.9,5112367,TechFreeze,3220000,Man Turns Old Boat into Luxury Yacht | Start to Finish by @frengen_engineering,firme,7.6,5112367,2026-08-06
araujocaiaque,https://www.youtube.com/@araujocaiaque,0.926,0.877,1,5,11.2,11607684,TechFreeze,3220000,Man Transforms 8 Water Tanks into Amazing Boat | Start to Finish by @araujocaiaque,firme,11.2,11607684,2026-06-25
chateaudutheil,https://www.youtube.com/@chateaudutheil,0.9255,0.876,1,2,10.9,650166,MAKERS HD,3260,Couple Transforms Abandoned Castle into Dream Hotel | from beginning to end@chateaudutheil,firme,10.9,650166,2026-08-02
my_off-grid_story,https://www.youtube.com/@my_off-grid_story,0.9238,0.788,2,13,24.0,160095,Smart Fox,85100,A Man Builds a Modular House From Start to Finish | Timelaps by @my_off-grid_story,firme,347.4,1520040,2026-07-08
forestexpanses,https://www.youtube.com/@forestexpanses,0.9227,0.923,0,3,19.9,12683214,TK Maker,25100,First night in the log cabin — A bear appeared right outside 🐻🔥🌲 | By @forestexpanses,media,107.2,12683214,2026-08-07
ramizinthewild,https://www.youtube.com/@ramizinthewild,0.9223,0.87,1,8,10.4,2508312,Betelhem Tech,28000,Part 1 - Over a Month Away From HomeLivingwithDogsand Fishing in the Forest  🐕🎣 | By @ramizinthewild,firme,17.1,2508312,2026-07-04
Weandnature,https://www.youtube.com/@Weandnature,0.921,0.868,1,5,14.3,429894,Lord Gizmo,505000,Couple Builds Dream Garage In 21 Days | Start to Finish DIY Build by @Weandnature.,firme,14.3,1985669,2026-07-17
mypersonaljournal,https://www.youtube.com/@mypersonaljournal,0.9203,0.867,1,7,9.8,868186,Maker World,19200,Man Builds Beautiful Wooden Cabin in the Forest | From Start to Finish by@mypersonaljournal,firme,18.0,868186,2026-08-07
TheFabrik,https://www.youtube.com/@TheFabrik,0.9203,0.867,1,2,20.3,422736,MrDuck104,406000,Restoring Toy Steam Machine...(@TheFabrik),firme,20.3,422736,2024-10-05
Construyendo-Juntos,https://www.youtube.com/@Construyendo-Juntos,0.9156,0.859,1,8,9.2,2157970,BRAIN TIME VT,33700,Couple Builds Their Dream Container Home in Just 1Month|From beginning to end@Construyendo-Juntos,firme,53.7,2157970,2026-07-28
lesnoy_craft8607,https://www.youtube.com/@lesnoy_craft8607,0.9138,0.76,2,23,3.5,824755,BRAIN TIME VT,33700,Man spent 2months building his dream log cabin deep in the forest. |Timelapse by@lesnoy_craft8607,firme,779.0,824755,2026-08-10
naturalloghouse,https://www.youtube.com/@naturalloghouse,0.9105,0.851,1,10,8.6,1945390,World Build,36500,This GIANT Scandinavian Wooden House Was Built in Just 120 Days | Start to Finish by@naturalloghouse,firme,73.8,1945390,2026-07-14
OldThingsNeverDie,https://www.youtube.com/@OldThingsNeverDie,0.9095,0.849,1,2,26.8,347552,MrDuck112,31200,Restoring Rusty Pasta Maker...(@OldThingsNeverDie),firme,26.8,347552,2024-10-09
Woodsimprovisation,https://www.youtube.com/@Woodsimprovisation,0.9082,0.847,1,2,193.2,334965,COLLAB,12400,Man Builds WATERWHEEL That Powers His Entire Riverside House | by @Woodsimprovisation,firme,193.2,334965,2026-02-19
BuildingInNature,https://www.youtube.com/@BuildingInNature,0.9063,0.844,1,11,7.9,1453744,Build Maker,46200,Man Builds Incredible Wooden Tree House in the Woods | From Start to Finish by @BuildingInNature,firme,7.9,1453744,2026-08-07
norsetoalaska,https://www.youtube.com/@norsetoalaska,0.9059,0.843,1,3,7.8,691642,Maker World,19200,Man Builds Cozy Off-Grid A-Frame Cabin in the Alaska Wilderness |  @norsetoalaska,firme,14.3,691642,2026-06-06
matt.jacobs1,https://www.youtube.com/@matt.jacobs1,0.9052,0.737,2,13,3.1,700978,World Build,36500,Man Spent 2 Years Building a HUGE Wooden House for His Family | Start to Finish by @matt.jacobs1,firme,3.2,700978,2026-08-02
THENORTHCABIN,https://www.youtube.com/@THENORTHCABIN,0.9036,0.732,2,3,3.2,73400,Vertigar Bushcraft,5170,From Old Plywood to a Cozy Cabin in the Wilderness | By @THENORTHCABIN,firme,3.5,73400,2026-07-31
LesnoySpeed,https://www.youtube.com/@LesnoySpeed,0.8997,0.833,1,8,16.8,286785,an tinh,6810,Transforming Discarded Pallet Wood into a House in the Middle of the Forest | By @LesnoySpeed,firme,16.8,286785,2026-06-21
andersboisentinyhouse,https://www.youtube.com/@andersboisentinyhouse,0.8977,0.898,0,4,91.7,611341,Smart Fox,85100,A Man Builds A Sustainable Cabin In The Woods | From Start to Finish by @andersboisentinyhouse​,media,91.7,611341,2026-06-27
northtoalaska2022,https://www.youtube.com/@northtoalaska2022,0.8971,0.897,0,1,14.6,1421843,MrS,19100,The couple is building their off-grid cabin in Alaska amidst a snowstorm | @northtoalaska2022,débil,14.6,1421843,2024-12-28
ZiskindVillage,https://www.youtube.com/@ZiskindVillage,0.8971,0.897,0,1,91.4,609117,Smart Fox,85100,Incredible House Built Start to Finish | Timelapse by @ZiskindVillage,débil,91.4,609117,2025-09-12
choigotv001,https://www.youtube.com/@choigotv001,0.8971,0.829,1,5,21.1,275704,TTI Build Stories ,1800000,"From $0 to $6,000: The CRAZIEST House Build! (Start to Finish Build by ‪@choigotv001  )",firme,31.3,275704,2026-08-09
LifeInTheSiberianForest1,https://www.youtube.com/@LifeInTheSiberianForest1,0.8958,0.826,1,8,18.3,268967,Not Fake: fyp,18700,Two Brothers Builds a Cabin in a Secluded Forest | Start to Finish by @LifeInTheSiberianForest1,firme,18.3,352419,2026-07-30
domegaia,https://www.youtube.com/@domegaia,0.8949,0.895,0,4,45.4,591891,TTI Build Stories ,1800000,Man Built a LUXURY Dome House in 72+ HOURS! (Start to Finish) @domegaia,media,45.4,591891,2026-07-29
MeadowlarkLogHomes,https://www.youtube.com/@MeadowlarkLogHomes,0.8943,0.824,1,4,6.2,547733,Maker World,19200,Family Builds a Stunning Log Cabin During a Harsh Winter Snowstorm  | by @MeadowlarkLogHomes,firme,6.2,547733,2026-08-06
InWildForest,https://www.youtube.com/@InWildForest,0.8938,0.894,0,1,39.8,585033,Not Fake: fyp,18700,How a Man Builds a SECRET Dugout Survival Shelter Alone | Start to Finish by @InWildForest,débil,39.8,585033,2025-04-04
septemberflow,https://www.youtube.com/@septemberflow,0.8932,0.822,1,3,6.0,6224054,TechFreeze,3220000,"Man Builds $15,000 RC Lamborghini with Real Engine | Start to Finish by @septemberflow",firme,6.0,6224054,2026-06-22
FinnishPlayground,https://www.youtube.com/@FinnishPlayground,0.8931,0.703,2,3,2.6,622700,Betelhem Tech,28000,Part 1 - Transforming Your Backyard into a Cozy Little Wooden House | By @FinnishPlayground,firme,2.6,622700,2026-06-25
doracamperstudio,https://www.youtube.com/@doracamperstudio,0.8928,0.893,0,1,44.6,581765,TTI Build Stories ,1800000,Man Built a FULL HOUSE Inside a Van… And It’s Unreal! 😳. ( By ‪@doracamperstudio  ),débil,44.6,581765,2026-06-27
ben-kilner,https://www.youtube.com/@ben-kilner,0.8903,0.817,1,3,5.8,1380773,Epic Timeline,35300,Part 1- 100 Years of Forgotten Memories — I Revived This Abandoned Workshop 🏭✨  By @ben-kilner,firme,5.8,1380773,2026-08-08
DawidOutdoorAdventures,https://www.youtube.com/@DawidOutdoorAdventures,0.8885,0.69,2,3,33.3,43741,SwiftBuild,4010,Man Makes Mountain Survival  EASY with Stone Fire Place. Start to finish by@DawidOutdoorAdventures,firme,68.9,54191,2026-04-24
ShoyanJapaneseCarpenter,https://www.youtube.com/@ShoyanJapaneseCarpenter,0.8884,0.888,0,1,30.5,537276,Rustic Roots Build,12400,Carpenter Builds an Incredible Japanese Wooden House | Start to Finish @ShoyanJapaneseCarpenter,débil,30.5,537276,2026-07-06
lesnoy,https://www.youtube.com/@lesnoy,0.888,0.813,1,16,13.2,225109,an tinh,6810,Part 2 - An 18 Year Old Dream and a Wooden House Built from Old Pallets | By @lesnoy,firme,456.3,2242273,2026-06-06
ShevaBushcraft,https://www.youtube.com/@ShevaBushcraft,0.8876,0.813,1,4,5.6,3542621,TK Maker,25100,A Freezing Winter Night in an Abandoned Hunter's Cabin in the Forest 🥶🔥🌲 | By @ShevaBushcraft,firme,5.8,3542621,2026-07-25
kbuild,https://www.youtube.com/@kbuild,0.8867,0.811,1,9,5.4,992309,Build Maker,46200,Building an Incredible Luxury Dream Mansion from the Ground Up | Full Build by @kbuild,firme,26.3,992309,2026-08-11
thompsonscabin,https://www.youtube.com/@thompsonscabin,0.8835,0.884,0,1,12.5,1106705,Maker World,19200,Man Builds Incredible Off-Grid Cabin Alone with EZ Log Cabin Kit | Full Build by @thompsonscabin,débil,12.5,1106705,2026-08-09
murattuncer,https://www.youtube.com/@murattuncer,0.8824,0.804,1,9,55.2,203247,Namtum Makers,1060,COMPLETE DIY Camper Van CONVERSION  From Start to Finish @murattuncer,firme,55.2,203247,2026-05-10
aboulderlifeoffgrid,https://www.youtube.com/@aboulderlifeoffgrid,0.8809,0.802,1,3,5.0,439091,Maker World,19200,Couple Builds Amazing Off-Grid Dream Home for Their Family | Start to Finish@aboulderlifeoffgrid,firme,5.0,439091,2026-07-18
osbushcraft,https://www.youtube.com/@osbushcraft,0.8808,0.801,1,4,9.2,192061,MrDuck104,406000,Man Builds Cozy Winter Shelter...(@osbushcraft),firme,9.2,192061,2026-05-25
trieuthihoa,https://www.youtube.com/@trieuthihoa,0.8802,0.88,0,2,12.0,1279044,Innovative Tech World,37300,No one believed the young couple could build a two-story floating house in 180 days by@trieuthihoa,débil,12.0,1279044,2026-04-09
Damarsito,https://www.youtube.com/@Damarsito,0.8797,0.88,0,1,75.9,505835,Smart Fox,85100,Restoring an 1880s Old House | Full Timelapse from Start to Finish by @Damarsito,débil,75.9,505835,2026-02-19
manmadecrafts,https://www.youtube.com/@manmadecrafts,0.8726,0.873,0,1,227.3,456332,Clean & Restore Tech,3380,Turning Dead Space Into a Tiny Office Under the Stairs | By @manmadecrafts,débil,227.3,456332,2026-02-27
RamyRC,https://www.youtube.com/@RamyRC,0.8707,0.784,1,6,15.2,153566,Quantum Build Studio,18400,Man Builds a Giant RC HONDA JET AH-420 full composite | Start to Finish Project by @RamyRC,firme,15.2,153566,2026-07-17
Outthegateoffroadnz,https://www.youtube.com/@Outthegateoffroadnz,0.8688,0.869,0,3,10.2,520433,Life Rhythm TV,4350,A couple transformed a Unimog 4x4 into their dream mobile home | performed by@Outthegateoffroadnz,media,10.2,581935,2026-07-18
nikospropertyshow,https://www.youtube.com/@nikospropertyshow,0.868,0.78,1,3,38.8,142836,Namtum Makers,1060,Amazing Wooden House Build From Start to Finish in the USA @nikospropertyshow,firme,38.8,142836,2026-06-08
imamttae7280,https://www.youtube.com/@imamttae7280,0.8677,0.868,0,1,32.6,425599,TTI Build Stories ,1800000,Man Builds A Brick Oven In His Backyard ! ( By ‪@imamttae7280‬ ),débil,32.6,425599,2026-03-02
trucks_channel_razborgruz,https://www.youtube.com/@trucks_channel_razborgruz,0.865,0.865,0,2,177.8,411359,Techno Fusion HD,53100,This Man Bring a SCANIA 16L V8 Back to Life – Perfectly (by @trucks_channel_razborgruz ),débil,177.8,1533664,2025-07-20
growinginfrance,https://www.youtube.com/@growinginfrance,0.8638,0.773,1,5,19.5,129958,Smart Fox,85100,Couple Brings 150-Year-Old Abandoned French House Back to Life! by @growinginfrance,firme,19.5,756888,2026-05-18
lesnoy_offline3431,https://www.youtube.com/@lesnoy_offline3431,0.8634,0.863,0,6,9.4,2276318,Betelhem Tech,28000,Building a Wooden House in the Snow-Covered Mountains CreatingWarmth Alone By @lesnoy_offline3431,media,9.4,2276318,2026-08-09
Montana,https://www.youtube.com/@Montana,0.8623,0.862,0,1,1145.5,393489,Lynsey Windon,2200,A man and his family built a log cabin in Alaska@Montana Haven,débil,1145.5,393489,2025-12-14
wildhomestead,https://www.youtube.com/@wildhomestead,0.8623,0.771,1,2,3.8,339345,Maker World,19200,Man Builds Unique Wooden Cabin in the Deep Forest | From Start to Finish by @wildhomestead,firme,4.8,339345,2026-04-29
OLDSMITH,https://www.youtube.com/@OLDSMITH,0.8601,0.86,0,2,18.6,388152,MrDuck104,406000,Turning Rusty Hook Into Poseidon’s Legendary Trident...(@OLDSMITH),débil,18.6,388152,2024-09-21
ShortRestorations,https://www.youtube.com/@ShortRestorations,0.8596,0.86,0,2,29.9,387579,MrDuck112,31200,Restoring Old Rusty Toy Ferrari...(@ShortRestorations),débil,29.9,387579,2024-10-19
ThanhSuperBoat,https://www.youtube.com/@ThanhSuperBoat,0.8582,0.764,1,11,23.4,113903,22TechZoom,97400,Man Builds INSANE SU-35 Jet Boat Completely From Scratch | Start to Finish by @ThanhSuperBoat,firme,23.4,3258427,2026-07-05
homesteadingdays,https://www.youtube.com/@homesteadingdays,0.8579,0.763,1,7,3.6,843322,BRAIN TIME VT,33700,Couple Transforms Abandoned Warehouse into a Dream Home | Full Build @homesteadingdays,firme,95.6,843322,2026-07-28
serkanbilgin27,https://www.youtube.com/@serkanbilgin27,0.8568,0.857,0,12,36.4,368534,Quantum Build Studio,18400,Man Builds Incredible Wooden Resort with Rooftop | From Start to Finish by ‪@serkanbilgin27 ‬,media,36.4,368534,2026-07-30
Mar.lavender,https://www.youtube.com/@Mar.lavender,0.8563,0.856,0,2,12.2,367848,Lord Gizmo,505000,Couple Transforms 23yr Old Van Into INCREDIBLE Modern Camper | Start to Finish by @Mar.lavender,débil,12.2,1518657,2026-05-14
AntonioOff-Grid,https://www.youtube.com/@AntonioOff-Grid,0.852,0.753,1,6,3.4,2134623,TK Maker,25100,Alone in a Transparent Tent Amidst Thick Snow ❄️⛺🔥 | By @AntonioOff-Grid,firme,3.4,2134623,2026-08-06
knivesproject3349,https://www.youtube.com/@knivesproject3349,0.8517,0.753,1,2,4.9,101308,MrDuck104,406000,Forging Worlds Sharpest Blade From 350 Razor Blades...(@knivesproject3349),firme,4.9,101308,2024-10-05
wildcampp,https://www.youtube.com/@wildcampp,0.8514,0.752,1,2,4.3,101195,Vertigar Bushcraft,5170,-37°C  - Two Days of Life and Death in an Abandoned House| By @wildcampp,firme,4.3,530589,2026-05-28
trieuthisenh-o6k,https://www.youtube.com/@trieuthisenh-o6k,0.8508,0.851,0,1,34.7,350714,Quantum Build Studio,18400,Young Woman Builds Dream Wooden House Beside the Stream | Start to Finish by @trieuthisenh-o6k ‬,débil,34.7,350714,2025-10-30
juanxiaoliu,https://www.youtube.com/@juanxiaoliu,0.8507,0.751,1,9,9.8,99197,Quantum Build Studio,18400,A Woman Dream Projec 2 Years to Build a Fairytale Home | Home Transformation by @juanxiaoliu,firme,17.8,99197,2026-08-03
Bochi-Hut,https://www.youtube.com/@Bochi-Hut,0.8489,0.748,1,8,3.3,2676427,AKLA GELEN,1090000,Old Man Builds Dream Home in 5 Years | Start to Finish by@Bochi-Hut,firme,3.3,2676427,2026-08-04
OneFootOfftheGrid,https://www.youtube.com/@OneFootOfftheGrid,0.8481,0.747,1,3,3.2,591631,Build Maker,46200,Couple Builds OFF-GRID Luxury Wooden Cabin Deep in the Forest |Start to Finish@OneFootOfftheGrid ​,firme,3.2,591631,2026-07-12
bushcraftua1,https://www.youtube.com/@bushcraftua1,0.8411,0.735,1,19,3.1,2507149,AKLA GELEN,1090000,Man Builds Dream UNDERGROUND Log CABIN in His Backyard | Start to Finish by @bushcraftua1,firme,28.2,2507149,2026-07-17
RoughStyle,https://www.youtube.com/@RoughStyle,0.8402,0.84,0,8,7.6,669567,Maker World,19200,Man Builds Traditional Japanese House Alone | Start to Finish by @RoughStyle,media,7.6,669567,2026-07-28
DemasiLogCabin,https://www.youtube.com/@DemasiLogCabin,0.84,0.733,1,6,3.0,264041,Maker World,19200,Man Builds Beautiful Handcrafted Log Cabin in the Forest | Start to Finish by @DemasiLogCabin,firme,3.0,264041,2026-08-11
BrothersofWhitewood,https://www.youtube.com/@BrothersofWhitewood,0.8394,0.839,0,1,7.4,4694946,TK Maker,25100,Secret Shelter to Stay Warm Through Winter — Jungle Survival Skills 🥶🌲🔥  By @BrothersofWhitewood,débil,7.4,4694946,2026-07-10
ArtSportArtSport,https://www.youtube.com/@ArtSportArtSport,0.836,0.727,1,9,6.7,68075,Quantum Build Studio,18400,Building Secret Tree House in the Middle of the Forest | Start to Finish by @ArtSportArtSport,firme,44.9,68075,2026-07-17
Woodland_Craft_by_Alex,https://www.youtube.com/@Woodland_Craft_by_Alex,0.8354,0.726,1,2,3.9,65890,an tinh,6810,Restoring the Door of an Abandoned House in the Snowy Forest | By @Woodland_Craft_by_Alex,firme,3.9,65890,2026-05-11
bushcraftoutdooradventures3135,https://www.youtube.com/@bushcraftoutdooradventures3135,0.8345,0.835,0,1,6.8,1652706,Betelhem Tech,28000,Upgrading a Wooden House Installing Doors and a Heating System By @bushcraftoutdooradventures3135,débil,6.8,1652706,2026-06-03
ChâteauduVot,https://www.youtube.com/@ChâteauduVot,0.834,0.834,0,1,43.6,290543,Smart Fox,85100,Couple Renovates an Ancient Abandoned French Castle | Full Timelapse by @ChâteauduVot,débil,43.6,290543,2026-07-30
HikeCampClimb,https://www.youtube.com/@HikeCampClimb,0.8324,0.721,1,3,2.8,65454,Vertigar Bushcraft,5170,"The Hot Tent, A Survival Battle Amidst the Devastating Storm | bY @HikeCampClimb",firme,2.8,550629,2026-07-19
ChopShopCrew,https://www.youtube.com/@ChopShopCrew,0.8323,0.832,0,3,39.4,284707,KLIFS TECH,71100,He Builts a Cyber Truck Camper From a Trailer With a Few $600s. By@ChopShopCrew,media,39.4,284707,2026-01-17
MrRescue,https://www.youtube.com/@MrRescue,0.8321,0.72,1,2,3.0,62182,MrDuck104,406000,Restoring Abandoned Go Kart...(@MrRescue),firme,3.0,62182,2024-09-23
AnifG,https://www.youtube.com/@AnifG,0.8298,0.716,1,2,2.9,60417,MrDuck104,406000,Guy Makes Engagement Ring For Girlfriend...(@AnifG),firme,3.4,60417,2024-10-13
dialtommy,https://www.youtube.com/@dialtommy,0.8296,0.83,0,4,9.2,276811,Lord Gizmo,505000,Family Builds DREAM Cabin in the Woods - Start To Finish by @dialtommy,media,9.2,369102,2026-07-05
AustinCoulson,https://www.youtube.com/@AustinCoulson,0.8291,0.829,0,1,6.5,432224,Gear Tech HD,471000,MAN TRANSFORMS an Old Box Truck Into a LUXURY MOBILE PIZZERIA | start to finish by @AustinCoulson,débil,6.5,432224,2026-07-25
Holy_Maker,https://www.youtube.com/@Holy_Maker,0.8291,0.829,0,2,24.4,276417,Wood & Steel Craft,850,Build a giant two-story house that assembles as quickly as Lego | by @Holy_Maker,débil,24.4,276417,2026-08-07
meditterrain.outdoors,https://www.youtube.com/@meditterrain.outdoors,0.8269,0.827,0,1,6.3,1535981,Betelhem Tech,28000,Part 1 - Building a Two-Story Shelter on a Fallen Tree Trunk 🌲🏕️ | By @meditterrain.outdoors,débil,6.3,1535981,2026-06-04
ErikGrankvist,https://www.youtube.com/@ErikGrankvist,0.8256,0.709,1,7,2.7,634350,Epic Timeline,35300,Part 3 - 7 Years of Building My Dream Wooden House Alone | By  @ErikGrankvist  ​,firme,2.7,634350,2026-07-24
MrBuildit,https://www.youtube.com/@MrBuildit,0.8225,0.823,0,4,19.8,258871,TTI Build Stories ,1800000,Empty Lot to $500K LUXURY A-Frame HOUSE in 9 Months! (Start to Finish - By @MrBuildit ),media,19.8,258871,2026-05-25
channel520,https://www.youtube.com/@channel520,0.8212,0.821,0,3,6.0,633624,Innovative Tech World,37300,Young Man Carves a $1 Million Modern Home into a Massive Rock | Built in 6 Months By @channel520,media,11.5,633624,2026-08-08
zelworks,https://www.youtube.com/@zelworks,0.8198,0.82,0,1,5.9,299947,Life Rhythm TV,4350,The man restored an abandoned 4x4 to look like new | From start to finish @zelworks,débil,5.9,299947,2026-07-04
TheOutsiderCabin,https://www.youtube.com/@TheOutsiderCabin,0.8195,0.699,1,9,2.5,601864,Betelhem Tech,28000,Horse Carriage Chandelier — Outsider Style Cabin | By @TheOutsiderCabin,firme,3.5,601864,2026-08-04
annieandthevicarage,https://www.youtube.com/@annieandthevicarage,0.8187,0.819,0,1,35.9,239626,Smart Fox,85100,A Woman Renovates a Farmhouse in the Countryside | From Start to Finish by @annieandthevicarage,débil,35.9,239626,2026-07-21
fazenda13aa,https://www.youtube.com/@fazenda13aa,0.8176,0.818,0,1,35.5,236963,Smart Fox,85100,A Man Builds a Frame House | From Start to Finish by @fazenda13aa,débil,35.5,236963,2025-10-08
OlikaBushcraft,https://www.youtube.com/@OlikaBushcraft,0.8163,0.694,1,3,2.4,1547231,TK Maker,25100,Building the Ultimate Secret Bunker | Wilderness Survival 🌲🔥🕳️ | By @OlikaBushcraft,firme,2.4,1547231,2026-07-28
cabinlife4551,https://www.youtube.com/@cabinlife4551,0.8153,0.692,1,4,2.4,212751,Maker World,19200,Man Builds Beautiful Off Grid Cabin Alone in the Wilderness | Start to Finish@cabinlife4551​,firme,2.4,212751,2026-07-18
MLG_mylittlegarage,https://www.youtube.com/@MLG_mylittlegarage,0.8112,0.685,1,2,122.6,42125,Lynsey Windon,2200,"A private garage project equipped with a car lift, completed in six months. by@MLG_mylittlegarage",firme,122.6,110239,2026-08-01
DashingAxe,https://www.youtube.com/@DashingAxe,0.8111,0.811,0,5,171.0,218363,Rebuilding HD,2420,Man Builds Secret Bunker UnderOld Cabin |Full Transformation by@DashingAxe,media,171.0,299728,2026-07-13
bastianbuilders,https://www.youtube.com/@bastianbuilders,0.81,0.81,0,2,5.3,315536,MAKERS HD,3260,Man Builds a Multi-Million Dollar Dream Home | Start to Finish@bastianbuilders,débil,5.3,315536,2026-07-27
old_school_moaboa,https://www.youtube.com/@old_school_moaboa,0.81,0.81,0,1,31.9,212883,Smart Fox,85100,100 Year Old House Renovation - Timelapse by @old_school_moaboa,débil,31.9,212883,2026-01-21
LostinMountainsCarpathians,https://www.youtube.com/@LostinMountainsCarpathians,0.8095,0.809,0,2,5.3,1263038,Epic Timeline,35300,I Created a Home from Hazelnut Branches and a Small Fire 🌿🔥 | By @LostinMountainsCarpathians,débil,5.3,1263038,2026-07-31
karakum_outdoors,https://www.youtube.com/@karakum_outdoors,0.8051,0.805,0,3,5.1,3235140,TK Maker,25100,Creating a Completely Hidden Shelter in the Forest | By @karakum_outdoors,media,5.1,3235140,2026-07-11
AlexanderBushcraft776,https://www.youtube.com/@AlexanderBushcraft776,0.8024,0.802,0,2,5.0,1198475,Epic Timeline,35300,Upgrading Your Forest Shelter | Staying Warm & Defending at Night | By @AlexanderBushcraft776,débil,5.0,1198475,2026-08-04
AloshaLynov,https://www.youtube.com/@AloshaLynov,0.8021,0.67,1,11,2.1,2122866,Makerium,320000,"Man Builds Underground Hobbit Home for $2,000 | by @AloshaLynov",firme,3.9,2122866,2026-07-24
loginnature8516,https://www.youtube.com/@loginnature8516,0.8008,0.801,0,2,5.0,482893,MrS,19100,A 36-Month Journey Building a Fully Equipped Wooden Home for a Big Family: @loginnature8516,débil,6.6,482893,2026-07-30
fz-makingknives3663,https://www.youtube.com/@fz-makingknives3663,0.7988,0.665,1,2,2.6,33597,MrDuck112,31200,Making Knife From Rusty Old Drill Bits...(@fz-makingknives3663),firme,2.6,33742,2024-10-06
garage9845,https://www.youtube.com/@garage9845,0.798,0.798,0,1,14.1,184100,TTI Build Stories ,1800000,He Saved the Worst Truck on Earth… And Made It Better Than New by  @garage9845,débil,14.1,184100,2026-07-26
TriệuThịDuyên-b8b,https://www.youtube.com/@TriệuThịDuyên-b8b,0.797,0.797,0,1,4.9,518934,Innovative Tech World,37300,Talented woman: Builds a floating house on a deserted island in 180 days by @TriệuThịDuyên-b8b,débil,4.9,518934,2026-02-25
TheOffGridExperience,https://www.youtube.com/@TheOffGridExperience,0.7959,0.796,0,5,4.9,473252,MrS,19100,24 months building an off-grid cabin in the beautiful hills of Tennessee: @TheOffGridExperience,media,4.9,473252,2026-08-02
Korytan,https://www.youtube.com/@Korytan,0.7959,0.796,0,8,103.5,179496,COLLAB,12400,Man Spends 3 Months Renovating Old House Back to New | by @Korytan,media,103.5,179496,2026-07-07
kevcatbuildit9478,https://www.youtube.com/@kevcatbuildit9478,0.7942,0.657,1,3,2.1,114766,CabinCraft,6330,How I Built a Modern Garage from the Ground Up | Start to Finish @kevcatbuildit9478  ,firme,2.6,508381,2026-07-14
thetielife,https://www.youtube.com/@thetielife,0.7937,0.794,0,1,25.8,172108,Smart Fox,85100,A Couple Builds a Rammed Earth Greenhouse From Start to Finish | Timelaps by @thetielife,débil,25.8,172108,2025-12-01
Gabriel.Leni100,https://www.youtube.com/@Gabriel.Leni100,0.791,0.791,0,2,4.6,3768088,AKLA GELEN,1090000,"Family Renovates 100-Year-Old House, Turns It Into a Dream Home | Start to Finish @Gabriel.Leni100",débil,4.6,3768088,2026-01-11
MarkoRoolaid,https://www.youtube.com/@MarkoRoolaid,0.7904,0.79,0,1,5.5,166338,Lord Gizmo,505000,4 Months - One Man - An Ultra-Realistic RC Airplane Built From Scratch! @MarkoRoolaid,débil,5.5,166338,2026-06-25
BushcraftLeo,https://www.youtube.com/@BushcraftLeo,0.7899,0.79,0,3,4.5,3702673,AKLA GELEN,1090000,Man Builds a Raft Out of Trash on Deserted Island (Solo!) | Start to Finish by @BushcraftLeo,media,4.5,3702673,2026-05-17
ivan_bushcraft,https://www.youtube.com/@ivan_bushcraft,0.788,0.788,0,4,4.4,1065125,Betelhem Tech,28000,Building a Cozy Shelter with Plastic Sheets and a Wood-Burning Stove 🔥🌲 | By @ivan_bushcraft,media,4.4,1065125,2026-08-06
mlgkontejneri3283,https://www.youtube.com/@mlgkontejneri3283,0.7861,0.786,0,5,50.5,157354,Quantum Builders,8730,Man Builds a MODERN TWO-STORY House from Shipping Containers | Full Build by @mlgkontejneri3283,media,50.5,157354,2026-08-09
emmanuel_sepulchre,https://www.youtube.com/@emmanuel_sepulchre,0.7823,0.782,0,1,4.2,401244,Off-Grid Paradise,3300,2 Friends Built an Off-Grid Timber Frame Cabin in the Forest (From Scratch) by@emmanuel_sepulchre,débil,4.2,401244,2026-05-05
Fabricatusueno,https://www.youtube.com/@Fabricatusueno,0.779,0.779,0,8,4.1,508730,Machine stage,2780000,This man is transforming an old shipping container into a stunning luxury home! @Fabricatusueno,media,4.1,508730,2026-08-02
adventurevibee,https://www.youtube.com/@adventurevibee,0.779,0.779,0,2,18.8,141369,Cabin In the Woods,5280,A Man Built a Safe and Comfortable Hideout inside a Large and Strange Rock | By@adventurevibee,débil,18.8,141369,2026-05-16
nialldivers,https://www.youtube.com/@nialldivers,0.7779,0.778,0,1,4.1,920644,World Build,36500,He Turned Old Car Tires into a House That Can Withstand Extreme Weather for Centuries @nialldivers,débil,4.1,920644,2026-07-05
LankHome,https://www.youtube.com/@LankHome,0.7746,0.775,0,9,18.4,133251,KLIFS TECH,71100,He Builds a Dream A-Frame Cabin in the Forest. By@LankHome,media,18.4,1467818,2026-07-26
SashaJuliardD,https://www.youtube.com/@SashaJuliardD,0.7708,0.771,0,1,9.4,122658,TTI Build Stories ,1800000,Man Built a LUXURY Cabin in The Jungle! Start to Finish By @SashaJuliardD,débil,9.4,122658,2026-08-02
serkanbilginbushcraft,https://www.youtube.com/@serkanbilginbushcraft,0.7695,0.769,0,1,3.8,2429667,TK Maker,25100,Rebuilding an Abandoned Wooden House in the Forest With a Loyal Dog 🐕🌲🔥 By @serkanbilginbushcraft,débil,3.8,2429667,2026-07-06
TheCrockers,https://www.youtube.com/@TheCrockers,0.7686,0.769,0,1,3.8,209215,CabinCraft,6330,Watch a Couple Build Their Dream House from Start to Finish @TheCrockers @QuantumMakers ,débil,3.8,209215,2026-08-04
MartijnDoolaard,https://www.youtube.com/@MartijnDoolaard,0.7681,0.768,0,1,3.8,883527,BRAIN TIME VT,33700,Man Spends 365 Days Restoring Two Stone Houses in the Italian Alps | performed by@MartijnDoolaard,débil,3.8,883527,2026-06-13
DIY_OTAKU_take,https://www.youtube.com/@DIY_OTAKU_take,0.7681,0.768,0,1,9.0,116880,TTI Build Stories ,1800000,"Man Buys $7,500 ABANDONED House - Then He Transformed It Completely! (By @DIY_OTAKU_take‬)",débil,9.0,116880,2026-05-13
RCHBuilders,https://www.youtube.com/@RCHBuilders,0.7676,0.768,0,1,17.4,115688,Smart Fox,85100,Old House Renovation into a Cozy Home: Start to Finish | Timelapse by @RCHBuilders,débil,17.4,115688,2025-09-24
PacificNorthwestHillbilly,https://www.youtube.com/@PacificNorthwestHillbilly,0.7648,0.765,0,1,3.6,185916,Life Rhythm TV,4350,60-Year-Old Man Restores an Abandoned Bulldozer | Start to Finish @PacificNorthwestHillbilly,débil,3.6,185916,2026-07-27
DoyoNosssFishing,https://www.youtube.com/@DoyoNosssFishing,0.7648,0.765,0,2,245.2,114386,Maexology,1970,Man Transforms Plastic Drums into Boat | From Start To Finish by @DoyoNosssFishing,débil,245.2,114386,2026-06-19
OffGridLife,https://www.youtube.com/@OffGridLife,0.7643,0.764,0,2,3.6,851326,Makers TV,6110,Couple spends 3 months building a brick and clay pizza oven by hand | performed by@OffGridLife,débil,3.6,851326,2026-08-10
desentoca2309,https://www.youtube.com/@desentoca2309,0.7627,0.763,0,5,8.4,113364,99Techspot,100000,Family Converts an Abandoned Bus Into a Home | Start to Finish ‪@desentoca2309‬,media,8.4,1309324,2026-07-25
Restoratorman,https://www.youtube.com/@Restoratorman,0.7621,0.762,0,1,3.5,3680489,TechFreeze,3220000,Man Fully Restores Abandoned Kawasaki Motorcycle back to New | Start to Finish by @Restoratorman,débil,3.5,3680489,2025-11-04
LibraryofConstruction,https://www.youtube.com/@LibraryofConstruction,0.7578,0.758,0,4,3.4,3366100,Makerium,320000,"Man Spends $30,000 to Build an Underground Bunker | Start to Finish by @LibraryofConstruction",media,3.4,3366100,2026-06-07
forestpaths,https://www.youtube.com/@forestpaths,0.7501,0.75,0,4,5.6,95964,an tinh,6810,Part 2 - Reviving an Abandoned Bunker and Life by the Fireplace | By @forestpaths,media,5.6,95964,2026-08-04
MorizinForest,https://www.youtube.com/@MorizinForest,0.7496,0.75,0,2,30.6,95321,Quantum Builders,8730,Man Builds a Modern Japanese-Style Frame House From Scratch | by @MorizinForest,débil,30.6,95321,2026-03-07
chateaudepurnon,https://www.youtube.com/@chateaudepurnon,0.7493,0.749,0,1,3.3,774645,BRAIN TIME VT,33700,Couple spends $1 million to buy Purnon Castle and turn it into a dream castle | @chateaudepurnon,débil,3.3,774645,2026-06-03
SilentCampingLife-x7r2z,https://www.youtube.com/@SilentCampingLife-x7r2z,0.748,0.748,0,1,4.0,92796,Vertigar Bushcraft,5170,How He Created a Shelter in the Freezing Cold | By @SilentCampingLife-x7r2z,débil,4.0,92796,2026-04-16
Urchfab,https://www.youtube.com/@Urchfab,0.7436,0.744,0,1,6.8,88105,TTI Build Stories ,1800000,Man Turned Trash into a TREASURE Car ! ( By @Urchfab ),débil,6.8,88105,2026-04-26
MrWildNature,https://www.youtube.com/@MrWildNature,0.7431,0.743,0,1,3.2,3295466,TechFreeze,3220000,Man Builds Dream Mountain House on Impossible Terrain | Start to Finish by @MrWildNature,débil,3.2,3295466,2025-09-21
radicalgastronomy,https://www.youtube.com/@radicalgastronomy,0.7414,0.741,0,1,12.9,86122,Smart Fox,85100,A Man Builds a Mini House | Timalapse from Start to Finish by @radicalgastronomy,débil,12.9,86122,2026-01-27
WildlifeHomesteadCabin,https://www.youtube.com/@WildlifeHomesteadCabin,0.7412,0.741,0,1,3.2,308001,MrS,19100,Building a cabin & furniture entirely out of wood by hand in the wilderness: @WildlifeHomesteadCabin,débil,3.2,308001,2026-04-12
Needs.Detail,https://www.youtube.com/@Needs.Detail,0.7392,0.739,0,2,177.6,82858,Maexology,1970,Man Fully Revived Abandoned Mercedes E500 S211 Wagon | From Start To Finish by @Needs.Detail,débil,177.6,82858,2025-03-26
Alone_with_nature_vova,https://www.youtube.com/@Alone_with_nature_vova,0.7338,0.734,0,5,6.0,77812,TTI Build Stories ,1800000,Man BUILDS a Stunning Mountain LOG House ALONE From Scratch! ( By @Alone_with_nature_vova  ),media,13.0,77812,2026-05-21
DesignsbyDonnie,https://www.youtube.com/@DesignsbyDonnie,0.7314,0.731,0,3,3.0,696487,Makers TV,6110,"Man Transforms His Backyard by Hand and Saves Over $100,000 | Start to Finish @DesignsbyDonnie",media,16.0,696487,2026-07-31
perfectidea,https://www.youtube.com/@perfectidea,0.7284,0.728,0,4,15.1,68898,Built Marvels,2290,Building the CHEAPEST House From Scratch in Just 10 Days | by @perfectidea,media,15.1,68898,2026-08-11
SurvivalFarNorth,https://www.youtube.com/@SurvivalFarNorth,0.7278,0.728,0,2,10.3,68561,Smart Fox,85100,Man Builds a Log Cabin in the Woods | From Start to Finish | Timelaps by @SurvivalFarNorth,débil,10.3,68561,2026-06-24
ShredPile,https://www.youtube.com/@ShredPile,0.727,0.727,0,1,2.9,532369,Build Maker,46200,Man Builds Incredible Luxury Wooden House in the Mountains | Start to Finish by @ShredPile,débil,2.9,532369,2026-06-08
MattBangsWood,https://www.youtube.com/@MattBangsWood,0.7246,0.725,0,2,2.9,159627,CabinCraft,6330,Complete House Build From Start to Finish | Framing & Roofing @MattBangsWood  @QuantumMakers ,débil,2.9,159627,2026-07-11
Wood_Wolf,https://www.youtube.com/@Wood_Wolf,0.724,0.724,0,4,2.9,686122,Epic Timeline,35300,9 Months Living Amidst Snow-Covered Mountains to Build My Dream Little House ❄️🔥  By @Wood_Wolf,media,2.9,686122,2026-08-02
French_builder,https://www.youtube.com/@French_builder,0.7202,0.72,0,2,2.8,656851,BRAIN TIME VT,33700,Man Spends 4 Years Restoring an Abandoned House in France | from beginning to end@French_builder,débil,2.8,656851,2026-08-08
RAWConstructionASMR,https://www.youtube.com/@RAWConstructionASMR,0.7191,0.719,0,1,2.8,270148,MrS,19100,"The Foundation and Framing Process of a 5,500 sq ft Home in Austin, Texas: @RAWConstructionASMR",débil,2.8,270148,2026-05-10
DIYHUB88,https://www.youtube.com/@DIYHUB88,0.718,0.718,0,2,2.8,64250,Vertigar Bushcraft,5170,Trapped in a fierce snow storm in a stone house | By @DIYHUB88,débil,2.8,64250,2026-05-05
skoolievanblog,https://www.youtube.com/@skoolievanblog,0.7175,0.717,0,2,8.4,60578,KLIFS TECH,71100,Couple Turns Old School Bus into Dream Home With a Few $2000s. By @skoolievanblog​,débil,8.4,693321,2026-01-17
mediterrain.outdoors,https://www.youtube.com/@mediterrain.outdoors,0.7153,0.715,0,1,2.7,655550,Betelhem Tech,28000,Building a Cabin with Stone and Wood — Survival in the Forest | By @mediterrain.outdoors,débil,2.7,655550,2026-06-04
LandtoHouse,https://www.youtube.com/@LandtoHouse,0.7066,0.707,0,1,7.8,52031,Smart Fox,85100,A Man Builds a Modular Home | Start to Finish | Timelapse by @LandtoHouse,débil,7.8,52031,2025-10-27
SteepintheWoods,https://www.youtube.com/@SteepintheWoods,0.7052,0.705,0,2,2.6,2570630,Makerium,320000,Man Builds a 2-Story House From FREE Pallets in the Mountains | Start to Finish by @SteepintheWoods,débil,2.6,2570630,2026-04-17
AdventuresHappen,https://www.youtube.com/@AdventuresHappen,0.7039,0.704,0,1,3.8,50122,TTI Build Stories ,1800000,Man Turned a Trash Van into a 5-Star Hotel in 11 Months! ( By ‪@AdventuresHappen ‬),débil,3.8,50122,2026-04-19
TieuLieu-17yearold,https://www.youtube.com/@TieuLieu-17yearold,0.7003,0.7,0,1,2.5,267361,Innovative Tech World,37300,Young woman transforms old house into A NEW HOME in just 60 days by @TieuLieu-17yearold,débil,2.5,267361,2026-03-13
Bushradical,https://www.youtube.com/@Bushradical,0.6971,0.697,0,2,2.5,57288,Vertigar Bushcraft,5170,Part 1- How much is the cost of using the log cabin | By @Bushradical,débil,9.0,57288,2026-04-17
BuildStudioHQ,https://www.youtube.com/@BuildStudioHQ,0.6968,0.697,0,1,15.3,47616,Quantum Builders,8730,Couple Builds SHIPPING CONTAINER HOME With No Experience | by @BuildStudioHQ,débil,15.3,47616,2026-02-28
papatechnologies,https://www.youtube.com/@papatechnologies,0.6952,0.695,0,3,4.1,45996,Wood & Steel Craft,850,Two Men Build a Complete Timber Home From Scratch | by @papatechnologies,media,178.6,45996,2026-07-05
Mrhuubushcraft,https://www.youtube.com/@Mrhuubushcraft,0.6941,0.694,0,4,4.4,44879,Quantum Build Studio,18400,Man Builds Off-Grid Cabin from Scratch Using Only Hand Tools | Start to Finish by @Mrhuubushcraft,media,5.7,44879,2026-06-18
Kings_Wharf_Restoration,https://www.youtube.com/@Kings_Wharf_Restoration,0.6889,0.689,0,1,2.4,119710,Life Rhythm TV,4350,Man Restores a 48-Year-Old Boat | Start to Finish @Kings_Wharf_Restoration,débil,2.4,119710,2026-06-15
ThisOffGridLife,https://www.youtube.com/@ThisOffGridLife,0.687,0.687,0,2,2.3,206181,Maker World,19200,Man Builds Cozy Off-Grid Cabin with Simple Tools | Start to Finish by @ThisOffGridLife,débil,2.3,206181,2026-07-29
HandyGeng,https://www.youtube.com/@HandyGeng,0.6859,0.686,0,1,21.1,42304,Clean & Restore Tech,3380,I Built a Homemade Amphibious RV That Floats + A Zero-Gravity Centrifugal Car | By @HandyGeng,débil,21.1,42304,2026-02-22
mikesdreambuilds,https://www.youtube.com/@mikesdreambuilds,0.6848,0.685,0,4,2.3,2396138,TechFreeze,3220000,Couple Buys Burned $1.5M Mansion and Rebuilds it to Luxury Home | Start to Finish by @mikesdreambuilds,media,8.0,2396138,2026-07-30
lamaisondagonay4820,https://www.youtube.com/@lamaisondagonay4820,0.6843,0.684,0,1,3.1,40245,TTI Build Stories ,1800000,"Father & Son Built a HOUSE for Under $70,000… in Just 4 Months! ( By  @lamaisondagonay4820‬ )",débil,3.1,40245,2026-03-05
Trieuthiduong,https://www.youtube.com/@Trieuthiduong,0.6799,0.68,0,1,2.3,240645,Innovative Tech World,37300,Talented woman: Building a self-sufficient floating house on a deserted island by @Trieuthiduong,débil,2.3,240645,2026-01-31
Benjamin-roct,https://www.youtube.com/@Benjamin-roct,0.6777,0.678,0,1,2.2,527082,BRAIN TIME VT,33700,Couple Spends 2 Years Renovating a 750m² Charentaise House | from beginning to end @Benjamin-roct,débil,2.2,527082,2026-05-09
AsianBushcraftHomie,https://www.youtube.com/@AsianBushcraftHomie,0.6756,0.676,0,7,5.0,35931,KLIFS TECH,71100,He Left Civilization to Build a Floating Self-Sustaining Island. By @AsianBushcraftHomie,media,30.6,35931,2026-07-16
syromyatnikov,https://www.youtube.com/@syromyatnikov,0.6737,0.674,0,1,2.2,1790693,AKLA GELEN,1090000,Man Builds a House ALONE 20 Minutes TIMELAPSE | Start to Finish by @syromyatnikov,débil,2.2,1790693,2026-02-20
WildRoot.Bushcraftz,https://www.youtube.com/@WildRoot.Bushcraftz,0.6734,0.673,0,1,3.1,35482,Wood & Steel Craft,850,Building 5 Hidden Off-Grid Shelters from Scratch | by @WildRoot.Bushcraftz,débil,3.1,35482,2026-07-19
NDWoodArt,https://www.youtube.com/@NDWoodArt,0.6685,0.668,0,5,2.1,108677,Life Rhythm TV,4350,Man Spends 6 Months Building a 2024 Mercedes G-Class From Wood | performed by@NDWoodArt,media,3.0,108677,2026-06-11
Bushgard-x,https://www.youtube.com/@Bushgard-x,0.6685,0.668,0,1,2.7,34789,TTI Build Stories ,1800000,99% of People Couldn't Build This Shelter... He Did It Alone! ( By @Bushgard-x ),débil,2.7,34789,2026-07-14
MySelfReliance,https://www.youtube.com/@MySelfReliance,0.6679,0.668,0,5,13.8,34548,WoodCraft Empire,1850,Building an OFF GRID Geodesic Greenhouse From Start to Finish | Complete Build @MySelfReliance,media,13.8,188896,2026-06-25
20by8,https://www.youtube.com/@20by8,0.6674,0.667,0,1,19.7,34223,COLLAB,12400,Man Builds an Amazing DIY Container Workshop in the Mountains | by @20by8,débil,19.7,34223,2026-03-10
KrisHarbour,https://www.youtube.com/@KrisHarbour,0.6666,0.667,0,1,2.1,500876,BRAIN TIME VT,33700,Man Builds an Off-Grid Workshop Using Earthbags | Start to Finish@KrisHarbour,débil,2.1,500876,2026-08-04
TheDIYCabinGuy,https://www.youtube.com/@TheDIYCabinGuy,0.6658,0.666,0,1,10.9,33974,Quantum Builders,8730,Man Turns a Steep Mountain Slope Into a Stunning Cabin | by @TheDIYCabinGuy,débil,10.9,33974,2026-03-21
restorationt2,https://www.youtube.com/@restorationt2,0.6641,0.664,0,3,9.1,33350,Namtum Makers,1060,Young Man Rebuilds a $10 Broken Motorbike into a Kawasaki | Start To Finish by @restorationt2,media,9.1,33350,2026-05-05
Mechanical-Hands,https://www.youtube.com/@Mechanical-Hands,0.6619,0.662,0,1,13.6,31369,Techno Fusion HD,53100,Reviving a big 40 Year Old dead–Mercedes V10 Engine Revival SHOCKS Everyone!( By @Mechanical-Hands ),débil,13.6,31369,2025-08-24
lifeinjungle78,https://www.youtube.com/@lifeinjungle78,0.6609,0.661,0,2,2.4,30522,MrDuck112,31200,Making a Boat From a Palm Tree...(@lifeinjungle78),débil,2.4,31162,2024-10-04
Bourbonmoth,https://www.youtube.com/@Bourbonmoth,0.6603,0.66,0,1,2.1,2181648,TechFreeze,3220000,Man Uses Cattle Trough to Build an Amazing Motorboat | Full Build by @Bourbonmoth,débil,2.1,2181648,2026-05-30
lesnoy_badger1544,https://www.youtube.com/@lesnoy_badger1544,0.6603,0.66,0,4,2.1,204203,MrS,19100,He’s Only 20 – But Built This Entire Cabin With Just Hand Tools. @lesnoy_badger1544,media,2.1,204203,2026-07-28
TractorsandCream,https://www.youtube.com/@TractorsandCream,0.6598,0.66,0,1,4.5,30043,Smart Fox,85100,A Man Builds a Dome House From Start to Finish | Timelaps by @TractorsandCream,débil,4.5,30043,2025-11-28
AndrewCamarata,https://www.youtube.com/@AndrewCamarata,0.6584,0.658,0,1,2.1,491632,BRAIN TIME VT,33700,Man Builds Castle on Mountain Using Shipping Containers | From Start to Finish @AndrewCamarata,débil,2.1,491632,2026-05-06
christiangreen612,https://www.youtube.com/@christiangreen612,0.6581,0.658,0,2,2.3,29588,TTI Build Stories ,1800000,Man Built a Luxury Camper Alone! The Result Is INSANE! 😳 ( by ‪@christiangreen612‬ ),débil,2.3,29588,2026-05-03
OurRestorationNation,https://www.youtube.com/@OurRestorationNation,0.6576,0.658,0,1,4.4,29204,Smart Fox,85100,Old House Renovation | Full Timelaps from Start to Finish by ⁨@OurRestorationNation,débil,4.4,29204,2025-10-19
Ivan-Rogal,https://www.youtube.com/@Ivan-Rogal,0.6489,0.649,0,2,6.2,26738,Crafted Horizon,226,Building a Perfect Circular House from the Ground Up | Start To Finish by @Ivan-Rogal,débil,6.2,26738,2026-08-03
Gabe_Octane,https://www.youtube.com/@Gabe_Octane,0.6478,0.648,0,1,2.0,1625516,AKLA GELEN,1090000,Man Builds a Cabin with Free Pallets 8 Minutes | TIMELAPSE Start to Finish by @Gabe_Octane,débil,2.0,1625516,2026-07-21
HarshSURVIVAL88,https://www.youtube.com/@HarshSURVIVAL88,0.6415,0.642,0,1,1.9,44552,Vertigar Bushcraft,5170,The man embarked on a harsh test of survival | By @HarshSURVIVAL88,débil,1.9,44552,2026-04-22
campaddicts,https://www.youtube.com/@campaddicts,0.6415,0.642,0,2,1.9,24839,MrDuck112,31200,Making a Bear-Shaped House...(@campaddicts),débil,1.9,24839,2024-10-05
rosagold,https://www.youtube.com/@rosagold,0.6407,0.641,0,1,13.6,23514,COLLAB,12400,Couple Spends 100 Days Renovating Old House Back to New | by @rosagold,débil,13.6,23514,2026-03-13
AntiqueVintageRestoratioNs,https://www.youtube.com/@AntiqueVintageRestoratioNs,0.6394,0.639,0,2,1.9,39845,MrDuck104,406000,Restoring 100 Year Old Toastie Maker...(@AntiqueVintageRestoratioNs),débil,1.9,39845,2024-09-28
Tornado_Dave,https://www.youtube.com/@Tornado_Dave,0.6377,0.638,0,5,1.9,24739,TTI Build Stories ,1800000,This Man Built a SECRET Tunnel System! And It’s Unreal! 😳 ( Start to Finish by @Tornado_Dave ‬ ),media,1.9,1099948,2026-07-08
Paullivesdifferent,https://www.youtube.com/@Paullivesdifferent,0.6369,0.637,0,4,1.9,1544471,AKLA GELEN,1090000,Man Builds Dream Off-Grid House | Start to Finish by @Paullivesdifferent,media,1.9,1544471,2026-06-27
klerobi1,https://www.youtube.com/@klerobi1,0.6355,0.636,0,4,1.9,1848504,Makerium,320000,Man Turns Wooden Pallets into a Home with a Kitchen and Bathroom | Start to Finish by @klerobi1,media,1.9,1848504,2026-07-30
Malinnik92,https://www.youtube.com/@Malinnik92,0.6336,0.634,0,1,1.9,43250,Vertigar Bushcraft,5170,From the escape to the secret survival home| BY @Malinnik92,débil,1.9,43250,2026-04-21
LonePeregrin,https://www.youtube.com/@LonePeregrin,0.6315,0.631,0,1,1.9,43009,Vertigar Bushcraft,5170,"Building a Raft Without Ropes, Drifting to a Mysterious Cave | By @LonePeregrin",débil,1.9,43009,2026-04-20
KORcountrysidelife,https://www.youtube.com/@KORcountrysidelife,0.6279,0.628,0,5,1.8,1470118,AKLA GELEN,1090000,Man Builds Dream Mountain Homestay | Start to Finish by @KORcountrysidelife,media,2.6,1470118,2026-07-18
Lesnoy_Craft,https://www.youtube.com/@Lesnoy_Craft,0.6279,0.628,0,2,1.8,23492,TTI Build Stories ,1800000,He Built a Stone Cabin Alone in the Wilderness Start to Finish | (by @Lesnoy_Craft),débil,1.8,23492,2026-06-25
johnwolson,https://www.youtube.com/@johnwolson,0.6244,0.624,0,1,6.3,19518,Quantum Builders,8730,Man Builds $387K Luxury Mountain House on Steep Terrain With Stunning Views | by @johnwolson,débil,6.3,19518,2026-01-23
lesnoy_nearthefire998,https://www.youtube.com/@lesnoy_nearthefire998,0.6241,0.624,0,2,1.8,30016,an tinh,6810,Ultimate Survival Skills Using Plastic Tarps and Pallet Wood | By @lesnoy_nearthefire998,débil,38.9,30016,2026-05-11
woodwood1,https://www.youtube.com/@woodwood1,0.6217,0.622,0,1,1.7,392262,World Build,36500,"Process of Building a GIANT Wooden Villa in South Korea for $1,000,000 | Step-by-step by @woodwood1",débil,1.7,392262,2026-07-10
ohotovedenie,https://www.youtube.com/@ohotovedenie,0.6135,0.614,0,1,1.7,409022,Betelhem Tech,28000,2 Days at -10°C — Alone in the Snowy Forest with My Horse ❄️🐎🌲 | By @ohotovedenie,débil,1.7,409022,2026-05-21
Elijah-House,https://www.youtube.com/@Elijah-House,0.6113,0.611,0,3,3.6,16747,Pro Build Master,4800,Man Builds an Amazing Wood House in The Woods | Full Timelapes Start to Finish by @Elijah-House,media,3.6,35454,2026-08-05
RideCamp65,https://www.youtube.com/@RideCamp65,0.61,0.61,0,1,1.7,38593,Vertigar Bushcraft,5170,48 Hours of Survival in an Abandoned Wooden Cabin | By @RideCamp65,débil,1.7,38593,2026-05-09
European_Homesteading,https://www.youtube.com/@European_Homesteading,0.6083,0.608,0,3,1.6,1341304,AKLA GELEN,1090000,"Man Renovates 75-Year-Old Mud House, Turns It Into Dream Home |Start to Finish@European_Homesteading",media,1.6,1341304,2026-07-06
secondgrowthhomes,https://www.youtube.com/@secondgrowthhomes,0.601,0.601,0,1,2.1,13976,Smart Fox,85100,A Man Builds a Frame Cabin | From Start to Finish by @secondgrowthhomes,débil,2.1,13976,2025-12-04
CarRestorations-USA,https://www.youtube.com/@CarRestorations-USA,0.598,0.598,0,1,1.6,79741,Life Rhythm TV,4350,Man Restores an Abandoned Patrol Vehicle Into His Dream Ride | by @CarRestorations-USA,débil,1.6,79741,2026-07-30
Borsch_TV,https://www.youtube.com/@Borsch_TV,0.5915,0.591,0,1,1.5,280154,Build Maker,46200,Couple Transforms Land Into Modern Barn House | Built for Cheap by @Borsch_TV,débil,1.5,280154,2025-08-17
nhettvchannel,https://www.youtube.com/@nhettvchannel,0.5906,0.591,0,1,3.2,11645,Namtum Makers,1060,Man Spent 350 Days Building a Lamborghini Revuelto From Scrap | Start To Finish By @nhettvchannel,débil,3.2,11645,2026-05-04
BudaBushcraft,https://www.youtube.com/@BudaBushcraft,0.5887,0.589,0,3,1.5,363817,Epic Timeline,35300,Sheltering Under an Oak Tree Amid Rain and Snow — Minimal Survival 🌧️🌨️🌳  By @BudaBushcraft,media,1.5,363817,2026-08-07
LIFE-OUTSIDE,https://www.youtube.com/@LIFE-OUTSIDE,0.5887,0.589,0,2,1.5,363343,Epic Timeline,35300,Overnight in a Cabin Amidst a Harsh Snowstorm  By @LIFE-OUTSIDE,débil,1.5,363343,2026-08-08
wetscapes,https://www.youtube.com/@wetscapes,0.5874,0.587,0,1,1.7,11441,Smart Fox,85100,Professional Pool Build in the Backyard | Timelaps by @wetscapes,débil,1.7,11441,2025-12-22
bradyoung2174,https://www.youtube.com/@bradyoung2174,0.5838,0.584,0,2,1.5,1224548,AKLA GELEN,1090000,Building a Garage + House in 8 Minutes TIMELAPSE | Start to Finish by @bradyoung2174,débil,1.5,1224548,2026-07-29
hoangthichien1991ideahouse,https://www.youtube.com/@hoangthichien1991ideahouse,0.5836,0.584,0,1,14.3,11078,DIY UNIQUE CREATIONS,119,DIY beautiful bamboo bridge | by@hoangthichien1991ideahouse,débil,14.3,11078,2024-12-29
PrimitiveTechnologyIdea,https://www.youtube.com/@PrimitiveTechnologyIdea,0.5819,0.582,0,3,8.4,11003,SwiftBuild,4010,Man builds home in 90 days to survive----- Start to finish by @PrimitiveTechnologyIdea,media,8.4,166492,2026-07-06
trwilderness-bahadirkilic,https://www.youtube.com/@trwilderness-bahadirkilic,0.5814,0.581,0,1,1.5,14283,Cabin Maker,924,Building a log cabin in 30 days - From start to finish by @trwilderness-bahadirkilic,débil,1.5,14283,2026-06-11
7asean,https://www.youtube.com/@7asean,0.5792,0.579,0,1,17.0,10414,HITECH,208,The man built a self-sufficient bamboo island in 365 days.| by@7asean,débil,17.0,10414,2026-04-02
SBRRCTRUCK,https://www.youtube.com/@SBRRCTRUCK,0.5787,0.579,0,1,2.8,10240,Namtum Makers,1060,Young Man Builds a Realistic RC Dump Truck MAN TGS from PVC | Start to Finish By @SBRRCTRUCK,débil,2.8,10240,2026-05-03
primitivevilla1930,https://www.youtube.com/@primitivevilla1930,0.5754,0.575,0,2,2.3,9891,Professional Skills,12900,Start to Finish: Luxury Wooden House with Water Wheel & Hanging Garden Build |@primitivevilla1930,débil,2.3,9891,2026-08-07
AdventureViper,https://www.youtube.com/@AdventureViper,0.5749,0.575,0,1,1.4,342618,Epic Timeline,35300,Stuck in a Heavy Snowstorm — Surviving in a Hot Tents with My Dog 🐕🔥❄️ | By @AdventureViper,débil,1.4,342618,2026-07-23
Perfectgroup2013,https://www.youtube.com/@Perfectgroup2013,0.5749,0.575,0,1,1.4,16259,Wood & Steel Craft,850,Building a Massive Log Fortress: Star-Shaped Timber & Crane Lifts | by @Perfectgroup2013,débil,1.4,16259,2026-06-24
PhươngOutdoor,https://www.youtube.com/@PhươngOutdoor,0.5732,0.573,0,1,14.8,9754,Calm Fix Studio,22,Solo Woman Builds a Swimming Pool and Cabin in 300 Days | Start to Finish By @PhươngOutdoor,débil,14.8,9754,2026-07-17
KYLESCABIN,https://www.youtube.com/@KYLESCABIN,0.5727,0.573,0,4,1.4,79481,CabinCraft,6330,I Built My Dream Off Grid Cabin In The Woods | Start To Finish @KYLESCABIN @QuantumMakers ,media,1.4,79481,2026-08-06
alonewithwildlife,https://www.youtube.com/@alonewithwildlife,0.5651,0.565,0,1,1.4,892949,TK Maker,25100,Rain That Rained All Night Without StoppingA Small Shelter Saves a Life 🌧️🔥 By @alonewithwildlife,débil,1.4,892949,2026-07-02
DennisKoburger,https://www.youtube.com/@DennisKoburger,0.5631,0.563,0,3,1.4,18149,TTI Build Stories ,1800000,The ONLY Van Build Video You Need to Watch (Start to Finish) | @DennisKoburger,media,1.4,18149,2026-06-24
Hampus_Granstrom,https://www.youtube.com/@Hampus_Granstrom,0.5623,0.562,0,2,18.8,8791,Maexology,1970,Man Fully Restores Abandoned 1963 Ford | From Start To Finish By @Hampus_Granstrom,débil,43.8,8791,2025-03-18
forestWildPunk,https://www.youtube.com/@forestWildPunk,0.5596,0.56,0,2,1.4,329618,Betelhem Tech,28000,"Winter Returns — Strong Winds and Heavy Snow, Stay Safe in a Forest Hut  By @forestWildPunk",débil,1.4,329618,2026-05-19
adrianwoodworm,https://www.youtube.com/@adrianwoodworm,0.5558,0.556,0,5,2.6,8213,Quantum Builders,8730,Man Transforms an Old Boat Into a Modern Luxury Houseboat | Start to Finish by @adrianwoodworm​,media,8.7,8213,2026-08-08
bogdanintheforest4382,https://www.youtube.com/@bogdanintheforest4382,0.5544,0.554,0,9,1.3,319358,Epic Timeline,35300,Life in the Remote Mountains | Building My Own Snowmobile for Winter | By @bogdanintheforest4382,media,9.7,319358,2026-08-01
marusya_outdoors,https://www.youtube.com/@marusya_outdoors,0.5536,0.554,0,1,4.0,7951,Clean & Restore Tech,3380,Surviving the Freezing Wilderness: Building an Igloo Shelter By @marusya_outdoors,débil,4.0,7951,2026-05-03
pakistanitruck,https://www.youtube.com/@pakistanitruck,0.5504,0.55,0,1,1.3,1367111,TechFreeze,3220000,How Pakistan Mechanics Bring American Construction Machines Back to Life | by @pakistanitruck,débil,1.3,1367111,2025-09-11
buildingroots5873,https://www.youtube.com/@buildingroots5873,0.5427,0.543,0,1,1.3,299426,BRAIN TIME VT,33700,Couple spends five years building a massive straw house | from start to finish@buildingroots5873,débil,1.3,299426,2026-08-07
MichaelValentino,https://www.youtube.com/@MichaelValentino,0.5408,0.541,0,1,1.3,1030459,AKLA GELEN,1090000,"Man Builds a House with Pallets, Wheels, and Trash | Start to Finish by @MichaelValentino",débil,1.3,1030459,2026-02-06
robinson-foundry,https://www.youtube.com/@robinson-foundry,0.5362,0.536,0,2,1.2,25611,MrDuck104,406000,Hammer Out Of 1000 Pennies...(@robinson-foundry),débil,1.2,25611,2024-09-24
Nasatchanne,https://www.youtube.com/@Nasatchanne,0.5329,0.533,0,1,2.5,5768,Techno Fusion HD,53100,This Engine Repair Was Thought Impossible… But He Fixed It! ✅ by @Nasatchanne,débil,2.5,5768,2026-08-01
belaruscustoms,https://www.youtube.com/@belaruscustoms,0.5327,0.533,0,2,1.2,1253944,TechFreeze,3220000,Man uses Diesel Car Engine to Build a Monster Bike | Start to Finish by @belaruscustoms,débil,1.2,1253944,2026-05-29
BergstromGarage,https://www.youtube.com/@BergstromGarage,0.5327,0.533,0,5,1.2,71739,MAKERS HD,3260,Man Spends 2 Years Transforming an Abandoned Garage Into His Dream Workshop | by@BergstromGarage,media,5.1,524612,2026-08-09
norusarubushcraft,https://www.youtube.com/@norusarubushcraft,0.531,0.531,0,9,70.7,5730,Hidden Cabin ,48,Catching Fish in a DIY Forest Hut | Survival #fishing #forest #nature@norusarubushcraft,media,70.7,5730,2026-07-27
SimpleLifeBushcraft,https://www.youtube.com/@SimpleLifeBushcraft,0.5299,0.53,0,3,1.2,20560,an tinh,6810,An isolated life in a wooden cabin | By @SimpleLifeBushcraft,media,1.2,20560,2026-08-03
Rehabit8,https://www.youtube.com/@Rehabit8,0.5267,0.527,0,2,1.2,1229678,TechFreeze,3220000,Couple Transforms Bus into Luxury Mobile Home | Full Conversion by @Rehabit8,débil,1.2,1229678,2026-07-10
ForestHobby_,https://www.youtube.com/@ForestHobby_,0.5237,0.524,0,2,1.2,20116,an tinh,6810,Part 2 - The Wooden House Was About to Collapse—And I Decided | By @ForestHobby_,débil,1.2,20116,2026-05-03
buildingskill9353,https://www.youtube.com/@buildingskill9353,0.5215,0.522,0,1,2.7,5397,Clean & Restore Tech,3380,This Treehouse Is Not For The Faint Hearted | By @buildingskill9353,débil,2.7,5397,2026-02-01
Library,https://www.youtube.com/@Library,0.5207,0.521,0,2,1.2,5663,22TechZoom,97400,"How a Man Spent $30,000 to Build an Underground Bunker | Start to Finish by @Library of Construction",débil,1.2,5663,2026-06-12
BushcraftIdeas-e9q,https://www.youtube.com/@BushcraftIdeas-e9q,0.5207,0.521,0,5,2.9,5388,Construcciones Salvajes,3650,Este Hombre Convirtió Esta Roca Gigante En Una Casa | Antes Y Después | @BushcraftIdeas-e9q⁩,media,13.1,1042898,2026-07-26
YiZhizhu,https://www.youtube.com/@YiZhizhu,0.5182,0.518,0,2,2.6,5330,Clean & Restore Tech,3380,A Man Transforms Dead Animals into Astonishing ROBOTS | Cyborg King Crab and Lobster by ‪@YiZhizhu,débil,2.6,5330,2026-07-25
BendheimBoards,https://www.youtube.com/@BendheimBoards,0.5136,0.514,0,5,1.1,16806,Not Fake: fyp,18700,A Man Transforms a Shipping Container into a Private Room! | Start to Finish by @BendheimBoards,media,5.1,16806,2026-02-23
VeganAthlete,https://www.youtube.com/@VeganAthlete,0.5109,0.511,0,2,1.1,266496,BRAIN TIME VT,33700,Couple Builds Dream Home in the Forest | Self-Sufficient Nomadic Life @VeganAthlete,débil,1.3,266496,2026-07-12
SalvagetoScenic,https://www.youtube.com/@SalvagetoScenic,0.5095,0.51,0,1,1.3,4856,Namtum Makers,1060,Man Transforms an Old Pontoon Boat into a LUXURY Tiny Floating Home @SalvagetoScenic​,débil,1.3,4856,2026-05-06
LRN2DIY,https://www.youtube.com/@LRN2DIY,0.5087,0.509,0,1,1.1,7491,Smart Fox,85100,A Man Builds a Treeless Tree House | Timelaps from Start to Finish by @LRN2DIY,débil,1.1,7491,2026-01-24
awesome,https://www.youtube.com/@awesome,0.5084,0.508,0,1,49.2,4825,Renovation Rescue HD,1310,100% Wrecked & Forgotte Can This Nissan Patrol Be Saved | by @awesome car restoration,débil,49.2,4825,2026-04-07
weldlabxteam,https://www.youtube.com/@weldlabxteam,0.5079,0.508,0,1,6.2,4823,DIY UNIQUE CREATIONS,119,DIY HOW TO MAKE A BAMBOO CHICKEN |@weldlabxteam #diycreation #bamboohousebuilding #homemade,débil,6.2,4823,2025-01-08
WELDPRO,https://www.youtube.com/@WELDPRO,0.5068,0.507,0,1,48.2,4723,Renovation Rescue HD,1310,CRAZY Idea! Turn Your Bicycle Into a Chainless 500W Electric Bike|By @WELDPRO,débil,48.2,4723,2026-03-28
DailyBergstrom,https://www.youtube.com/@DailyBergstrom,0.5063,0.506,0,1,2.5,4697,Construcciones Salvajes,3650,Hombre Convierte Granero Abandonado En Un Taller de Ensueño DIY | Antes Y Después | @DailyBergstrom,débil,2.5,4697,2026-01-08
sawyerslawncareservice,https://www.youtube.com/@sawyerslawncareservice,0.5046,0.505,0,1,1.1,14316,TTI Build Stories ,1800000,The FASTEST Way to Remove Fall Leaves ! (By @sawyerslawncareservice  ),débil,1.1,14316,2026-08-10
outdoorlifeandcraft,https://www.youtube.com/@outdoorlifeandcraft,0.5027,0.503,0,5,3.4,4427,SwiftBuild,4010,Man turns the ground into his secret CABIN. Start to finish by @outdoorlifeandcraft,media,3.4,216161,2026-07-27
QuickCuts,https://www.youtube.com/@QuickCuts,0.5014,0.501,0,3,3.4,4381,Rebuilding HD,2420,Two Men Transform a Neglected Forest into a Stunning Garden by @QuickCuts,media,3.4,4381,2026-07-25
haisupercar,https://www.youtube.com/@haisupercar,0.5003,0.5,0,5,1.2,4331,Namtum Makers,1060,Homemade BUGATTI: The Ultimate DIY Supercar Project @haisupercar,media,1.2,1018469,2026-07-01
cleanupfree2t970,https://www.youtube.com/@cleanupfree2t970,0.4986,0.499,0,3,43.4,4257,Renovation Rescue HD,1310,From Trash to Home: 2 Men Transform an Abandoned House for FREE!by ‪@cleanupfree2t970‬,media,43.4,4257,2026-07-24
AlekseyKarpushkin,https://www.youtube.com/@AlekseyKarpushkin,0.4984,0.498,0,1,1.1,71473,Gear Tech HD,471000,Man Spent 1.5 YEARS Building a HYPER-REALISTIC Medieval Castle from CLAY | by @AlekseyKarpushkin,débil,1.1,71473,2026-05-20
BushcraftHakankarahan,https://www.youtube.com/@BushcraftHakankarahan,0.4984,0.498,0,5,1.1,18355,an tinh,6810,"Setting up tents, building fires,a unique survival strategy | By @BushcraftHakankarahan",media,1.5,18355,2026-08-07
FarawayForge,https://www.youtube.com/@FarawayForge,0.4951,0.495,0,2,1.1,13829,MrDuck112,31200,Man Makes Japanese TANTO from Rusty Metal...(@FarawayForge),débil,1.1,18573,2024-10-20
MAXBUSHCKRAFT24,https://www.youtube.com/@MAXBUSHCKRAFT24,0.4951,0.495,0,3,1.1,13819,MrDuck112,31200,Building Starter Base Out In The Wild...(@MAXBUSHCKRAFT24),media,1.1,115345,2026-05-15
SailingGoodBadandUgly,https://www.youtube.com/@SailingGoodBadandUgly,0.4899,0.49,0,2,1.1,1093162,TechFreeze,3220000,"Couple Transforms $5,000 Boat into Luxury Yacht | 2-Year Timelapse by @SailingGoodBadandUgly",débil,1.1,1093162,2026-06-22
ProcessK,https://www.youtube.com/@ProcessK,0.4888,0.489,0,2,137.3,3981,The Maker World,78,Building a Beautiful Traditional Korean House: Full Construction Process @ProcessK,débil,137.3,3981,2026-04-23
ppeppefamily,https://www.youtube.com/@ppeppefamily,0.4869,0.487,0,2,1.0,846276,AKLA GELEN,1090000,Family Builds Their Dream Heated Greenhouse 15 Minutes -TIMELAPSE | Start to Finish by @ppeppefamily,débil,1.4,846276,2026-05-10
WoodsboundOutdoors,https://www.youtube.com/@WoodsboundOutdoors,0.4869,0.487,0,1,1.0,252010,Betelhem Tech,28000,Surviving a Blizzard — Cardboard Hut on a Snowmobile  By @WoodsboundOutdoors,débil,1.0,252010,2026-05-21
AlexBushcraftmyWorld,https://www.youtube.com/@AlexBushcraftmyWorld,0.4869,0.487,0,1,1.0,9292,Buildora,51,This Man Builds a HUGE Underground Hidden Cabin in the Forest by @AlexBushcraftmyWorld,débil,1.0,9292,2026-07-12
Christine,https://www.youtube.com/@Christine,0.4867,0.487,0,1,3.1,3830,TECH REVIEWS,1640,Inside an Epic Forest Cabin Build – A-Frame House Made by Couple @Christine & Jesse,débil,3.1,3830,2026-06-20
riverrockcabin5941,https://www.youtube.com/@riverrockcabin5941,0.4812,0.481,0,1,1.0,89744,Maker World,19200,Old Man and His Wife Build an Incredible Luxury Home in the Wild Forest | by @riverrockcabin5941,débil,1.0,89744,2026-06-18
annasgmlindgren,https://www.youtube.com/@annasgmlindgren,0.4788,0.479,0,1,1.0,1047164,TechFreeze,3220000,Woman Restores OLD Abandoned Wood House from Scratch | Start to Finish by@annasgmlindgren​,débil,1.0,1047164,2026-02-28
WildxJournal,https://www.youtube.com/@WildxJournal,0.4731,0.473,0,1,4.3,3327,DIY UNIQUE CREATIONS,119,#DIY Beautiful bamboo house 2025 | by@WildxJournal,débil,4.3,3327,2025-01-02
Noru,https://www.youtube.com/@Noru,0.472,0.472,0,1,33.9,3318,Renovation Rescue HD,1310,Man Builds a Handmade Survival Shelter in 15 Days | By @Noru Saru Bushcraft,débil,33.9,3318,2026-04-28
NHẾT,https://www.youtube.com/@NHẾT,0.4698,0.47,0,1,4.2,3248,DIY UNIQUE CREATIONS,119,Turning Dreams into Reality |  From Start to Finish by @NHẾT TV,débil,4.2,3248,2024-12-29
LiveWithCreativity,https://www.youtube.com/@LiveWithCreativity,0.4682,0.468,0,3,1.6,3236,Clean & Restore Tech,3380,Restoring a 70-Year-Old GAZ-69 | Bringing a Soviet Legend Back to Life | by @LiveWithCreativity,media,3.2,3236,2026-08-10
Xiaoqianfeng,https://www.youtube.com/@Xiaoqianfeng,0.4665,0.467,0,1,1.6,3151,Clean & Restore Tech,3380,A Girl Builds Her Own House in the Countryside in 360 Days | By @Xiaoqianfeng,débil,1.6,3151,2026-02-24
tehnolexa,https://www.youtube.com/@tehnolexa,0.466,0.466,0,2,1.0,3145,Quantum Builders,8730,Man Builds a SECRET Underground Bunker in Frozen Russia | Start to Finish by @tehnolexa,débil,1.0,3145,2026-01-09
RuslaninTheWoods,https://www.youtube.com/@RuslaninTheWoods,0.4657,0.466,0,6,1.0,638971,TK Maker,25100,2 Months of Winter in a Wooden House in the Forest  Real Life | By @RuslaninTheWoods,media,1.0,638971,2026-08-04
ForestHermit,https://www.youtube.com/@ForestHermit,0.4657,0.466,0,2,1.0,239596,Epic Timeline,35300,Building a Shelter in the Snowy Forest | Surviving the Harsh Winter | By @ForestHermit,débil,1.0,239596,2026-08-06
OffgridwithJayandJen,https://www.youtube.com/@OffgridwithJayandJen,0.4657,0.466,0,1,1.0,88380,Maker World,19200,Couple Builds OFF-GRID CABIN in the Wilderness Forest | Start to Finish by @OffgridwithJayandJen,débil,1.0,88380,2026-04-23
BudgiCamper,https://www.youtube.com/@BudgiCamper,0.4657,0.466,0,1,1.0,50887,Life Rhythm TV,4350,"Man with a budget of 20,000 euros builds an amazing mobile home |From start to finish@BudgiCamper",débil,1.0,50887,2026-05-25
RestorationsSkills6886,https://www.youtube.com/@RestorationsSkills6886,0.4657,0.466,0,4,1.0,4336,Professional Skills,12900,From Scrap to Powerhouse | 30-Year-Old Generator Restoration Review | @RestorationsSkills6886,media,4.9,4336,2026-07-29
freefootsteps877,https://www.youtube.com/@freefootsteps877,0.4611,0.461,0,3,62.1,2979,Survival Skills,7290,Những Người Phụ Nữ Xây Nhà Bên Hồ Giữa Rừng Trong 120 Ngày | Từ Đầu Đến Cuối By @freefootsteps877,media,62.1,2979,2026-05-01
Restoration,https://www.youtube.com/@Restoration,0.46,0.46,0,1,29.3,2873,Renovation Rescue HD,1310,Abandoned KAWASAKI NSR 50… Then This Full Restoration Happened | By @Restoration Repair,débil,29.3,2873,2026-04-10
SurvivalBuild,https://www.youtube.com/@SurvivalBuild,0.4562,0.456,0,1,2.1,2771,SwiftBuild,4010,Woman builds Insanely beautiful tree house from start to finish by  @SurvivalBuild ​,débil,2.1,2771,2025-01-31
Tran-Chien,https://www.youtube.com/@Tran-Chien,0.4551,0.455,0,1,33.5,2715,Hidden Cabin ,48,🌊 Water = Energy@Tran-Chien#hydropower#microhydro#minihydro,débil,33.5,2715,2026-02-12
norusarubushcraf,https://www.youtube.com/@norusarubushcraf,0.4526,0.453,0,1,32.8,2653,Hidden Cabin ,48,Weaving a basket@norusarubushcraf#basketweaving#bamboobasket#t,débil,32.8,2653,2026-02-15
Renovacile,https://www.youtube.com/@Renovacile,0.4524,0.452,0,1,1.0,233464,BRAIN TIME VT,33700,Couple Spends 4 Years Transforming an Old Barn Into a Dream Home | performed by @Renovacile,débil,1.0,233464,2026-06-17
lythibinh,https://www.youtube.com/@lythibinh,0.4524,0.452,0,2,1.0,105243,Innovative Tech World,37300,Talented young couple builds two dream wooden houses in 200 days  From start to finish by @lythibinh,débil,1.1,105243,2026-01-28
realmikethakur,https://www.youtube.com/@realmikethakur,0.4513,0.451,0,1,1.4,2639,Construcciones Salvajes,3650,Familia Compra Mansión Quemada Y La Convierten En La Casa De Sus Sueños  | ⁨@realmikethakur,débil,1.4,2639,2026-01-01
Theonewhobuilds-kz7tr,https://www.youtube.com/@Theonewhobuilds-kz7tr,0.4502,0.45,0,2,10.8,2627,Q Makers,74,Man Built a Tiny Wooden House by the River Completely Alone @Theonewhobuilds-kz7tr,débil,10.8,2627,2026-06-16
DomashMaster,https://www.youtube.com/@DomashMaster,0.4496,0.45,0,1,8.1,2600,The Makers HD,4740,Building a Budget Frame House in Just 7 Days! (Step-by-Step Process) @DomashMaster,débil,8.1,2600,2026-06-23
Bushcraft__Karina,https://www.youtube.com/@Bushcraft__Karina,0.4447,0.445,0,2,1.2,2392,Clean & Restore Tech,3380,Alone in the Wild: A Girl Builds Her Own Forest House | By @Bushcraft__Karina,débil,1.2,4841,2026-02-24
VannySoloSurvival,https://www.youtube.com/@VannySoloSurvival,0.4437,0.444,0,1,1.0,232957,Betelhem Tech,28000,Surviving on a Raft in Heavy Rain — A Man and a Dog in the Water 🌧️🐕🌊 | By @VannySoloSurvival,débil,1.0,232957,2026-06-12
TheLodgeGuys,https://www.youtube.com/@TheLodgeGuys,0.4404,0.44,0,1,0.9,28623,Lord Gizmo,505000,From Empty Van to Luxury Motorhome | Start To Finish @TheLodgeGuys,débil,0.9,28623,2026-08-09
CyprienAdventures,https://www.youtube.com/@CyprienAdventures,0.4404,0.44,0,3,0.9,19921,MrDuck104,406000,Building Little Hobbit Hole...(@CyprienAdventures),media,0.9,19921,2026-03-14
EricLeCarreleur,https://www.youtube.com/@EricLeCarreleur,0.4388,0.439,0,3,3.7,2244,HITECH,208,He built a swimming pool in his backyard.|from beginning to end @Ericlecarreleur,media,3.7,799622,2026-05-27
theturkishviking-bushcraft,https://www.youtube.com/@theturkishviking-bushcraft,0.4382,0.438,0,1,1.1,2236,Clean & Restore Tech,3380,Solo Bushcraft Build: A Warm Treehouse After 365 Days | By @theturkishviking-bushcraft,débil,1.1,2236,2026-02-12
muhammadali77,https://www.youtube.com/@muhammadali77,0.4377,0.438,0,1,1.0,2215,Techno Fusion HD,53100,Rusty Scrap Bus Becomes a Million-Dollar Coach | Start to Finish ( by @muhammadali77 ),débil,1.0,2215,2025-09-16
PralisBushcraft,https://www.youtube.com/@PralisBushcraft,0.4371,0.437,0,1,0.9,224991,Epic Timeline,35300,Surviving the Harsh Winter  Tree-Root Shelter & Ice Fishing  By @PralisBushcraft,débil,0.9,224991,2026-08-08
BuildingVanLife,https://www.youtube.com/@BuildingVanLife,0.4341,0.434,0,2,0.9,27969,Lord Gizmo,505000,DIY Camper Van Conversion - Entire Build | Start To Finish by @BuildingVanLife,débil,0.9,27969,2026-06-03
VictorDustin,https://www.youtube.com/@VictorDustin,0.4341,0.434,0,1,0.9,21603,Vertigar Bushcraft,5170,Part 2 - The Failed Hunting Trip - A story of survival in an abandoned house | By @VictorDustin,débil,0.9,21603,2026-04-29
Grovehide_Builds,https://www.youtube.com/@Grovehide_Builds,0.4341,0.434,0,1,0.9,4034,Crafted Horizon,226,Racing the Snow to Build an Off-Grid Winter Cabin | Start To Finish by @Grovehide_Builds,débil,0.9,4034,2026-07-28
crazybushcraft,https://www.youtube.com/@crazybushcraft,0.4251,0.425,0,4,23.6,1892,BI HD,7,Man spent 2 days building a treehouse shelter in a snow-covered forest.@crazybushcraft,media,23.6,7734,2026-05-07
YASUHIROTV,https://www.youtube.com/@YASUHIROTV,0.4249,0.425,0,1,0.9,3303,Namtum Makers,1060,10 Japanese Circular Saw Hacks That Feel ILLEGAL to Know 😱|Genius Woodworking Tricks @YASUHIROTV,débil,0.9,3303,2026-05-17
bushcraftr,https://www.youtube.com/@bushcraftr,0.4183,0.418,0,2,0.9,209451,Epic Timeline,35300,Trapped in a Deadly Blizzard  Building a Shelter to Survive | By  @bushcraftr  ​,débil,0.9,209451,2026-08-05
LýPhúcNhi,https://www.youtube.com/@LýPhúcNhi,0.4183,0.418,0,1,0.9,8861,Quantum Build Studio,18400,Woman Builds a Stunning Luxury Villa by the Lake from Scratch in Just 180 Days | by ‪@LýPhúcNhi ‬,débil,0.9,8861,2025-12-20
GreasyFingers,https://www.youtube.com/@GreasyFingers,0.4183,0.418,0,1,0.9,5842,Smart Fox,85100,Man Restores an Old Classic Cars | Full Timelapse Step by Step form @GreasyFingers,débil,0.9,5842,2026-07-26
EveryotherKarl,https://www.youtube.com/@EveryotherKarl,0.417,0.417,0,2,1.4,1797,Rebuilding HD,2420,Man Builds the Cheapest Shed in His Backyard in Just 10 Days | Full Build | by @EveryotherKarl,débil,1.4,1797,2026-07-07
TAOutdoors,https://www.youtube.com/@TAOutdoors,0.4145,0.415,0,3,0.9,18161,MrDuck104,406000,Building House Out in the Woods...(@TAOutdoors),media,0.9,18161,2025-02-13
ĐiềnTiểuCaFarm86,https://www.youtube.com/@ĐiềnTiểuCaFarm86,0.4121,0.412,0,1,20.8,1686,Hidden Cabin ,48,She Built a Cozy Hut on a Tree – A Dream in Nature@ĐiềnTiểuCaFarm86,débil,20.8,1686,2026-01-20
ThanhBoat,https://www.youtube.com/@ThanhBoat,0.4105,0.41,0,1,2.1,1655,DIY UNIQUE CREATIONS,119,THIS WATERPROOF SUKHOI 35 MODEL is a GAME CHANGER ! From Start to Finish by   @ThanhBoat,débil,2.1,1655,2024-12-24
anvswild,https://www.youtube.com/@anvswild,0.4094,0.409,0,3,2.1,1619,DIY UNIQUE CREATIONS,119,Building a Survival House in a GIANT Mushroom! | finished by @anvswild,media,2.1,6726,2026-08-04
stephandmicah,https://www.youtube.com/@stephandmicah,0.4069,0.407,0,3,0.8,11048,TTI Build Stories ,1800000,Ambulance To LUXURIOUS Tiny House CONVERSION ! ( Start-to-Finish By @stephandmicah  ),media,0.8,349924,2026-08-06
JapaneseGardenTV,https://www.youtube.com/@JapaneseGardenTV,0.4069,0.407,0,1,0.8,11042,TTI Build Stories ,1800000,Men Built MILLION DOLLAR Garden in 1 Month ! ( Start to Finish by @JapaneseGardenTV ),débil,0.8,11042,2026-05-10
Fitiman,https://www.youtube.com/@Fitiman,0.4069,0.407,0,1,0.8,5645,Smart Fox,85100,Man Renovates an Old Stone House | Full Timelapse from Start to Finish by @Fitiman ​,débil,0.8,5645,2026-02-16
Cartech-i9y,https://www.youtube.com/@Cartech-i9y,0.3996,0.4,0,1,1.8,1407,DIY UNIQUE CREATIONS,119,The Surprising Truth About Walking Robots Nobody Tells You | by @Cartech-i9y  #diycreation #homemade,débil,1.8,1407,2025-01-16
HalfassKustoms,https://www.youtube.com/@HalfassKustoms,0.3987,0.399,0,3,4.8,1406,Explore Creators ,218,"Restoring the 1949 GMC Roadster pickup race car from the scrapyard with 5,000 USD | @HalfassKustoms",media,5.9,17023,2026-06-07
andriibushcraft34,https://www.youtube.com/@andriibushcraft34,0.3979,0.398,0,1,4.1,1389,Buildra,720,Man Builds a Forest Dugout With Fireplace | Start to Finish by @andriibushcraft34,débil,4.1,1389,2025-08-29
user-Vozrozhdenie,https://www.youtube.com/@user-Vozrozhdenie,0.3933,0.393,0,2,0.8,656603,AKLA GELEN,1090000,Woman Turned Styrofoam Into a HOUSE | Start to Finish by @user-Vozrozhdenie,débil,1.1,656603,2025-10-18
SavingSweetWilliam,https://www.youtube.com/@SavingSweetWilliam,0.3933,0.393,0,1,0.8,5429,Smart Fox,85100,A Couple Renovate a Greek House | From Start to Finish | Timelaps by @SavingSweetWilliam,débil,0.8,5429,2026-01-30
One.woman.wilderness,https://www.youtube.com/@One.woman.wilderness,0.3933,0.393,0,1,0.8,5404,Smart Fox,85100,Woman renovates a Cabin in the Woods | Timelapse from Start to Finish by @One.woman.wilderness,débil,0.8,5404,2026-08-02
Le_Dan,https://www.youtube.com/@Le_Dan,0.3925,0.392,0,1,1.7,1281,DIY UNIQUE CREATIONS,119,Building a One-of-a-Kind Chopper: From Single-Cylinder to W3 Engine Masterpiece | made by @Le_Dan,débil,1.7,1281,2025-01-22
MoonCamping2005,https://www.youtube.com/@MoonCamping2005,0.3903,0.39,0,1,1.0,1269,SwiftBuild,4010,Full 7 Days Building secret survival shelter Start to finish by @MoonCamping2005,débil,1.0,1269,2025-02-05
Advoko,https://www.youtube.com/@Advoko,0.3892,0.389,0,3,5.1,1250,Q Makers,74,He Built a WATERWHEEL That Powers His ENTIRE Log Cabin Off-Grid @Advoko​,media,5.1,1250,2026-06-18
my-good-friends,https://www.youtube.com/@my-good-friends,0.3841,0.384,0,1,0.8,8733,Crafted Foundations,241,Solo Building an Off-Grid Cabin from Dirt to Solar | Start To Finish by @my-good-friends,débil,0.8,8733,2026-08-03
RuralCraftsmanship,https://www.youtube.com/@RuralCraftsmanship,0.3841,0.384,0,2,0.8,3359,Crafted Horizon,226,1 Day Timber Frame Build: Empty Slab to Full Roof | by @RuralCraftsmanship,débil,0.8,3359,2026-08-06
petualangsumatera-ul5ml,https://www.youtube.com/@petualangsumatera-ul5ml,0.3832,0.383,0,2,2.4,1134,Maexology,1970,Man Builds Treehouse Using Bamboos in the Forest | Start to Finish by @petualangsumatera-ul5ml,débil,2.4,357595,2025-11-21
Solo.BushcraftTV,https://www.youtube.com/@Solo.BushcraftTV,0.3775,0.378,0,2,0.8,3266,Professional Skills,12900,30 Days Building a Stone & Wood Survival Shelter with Outdoor Cooking | @Solo.BushcraftTV,débil,0.8,3266,2026-08-02
SurvivalBuilder,https://www.youtube.com/@SurvivalBuilder,0.3775,0.378,0,1,3.3,1072,The Makers HD,4740,Full Time-lapse: Building a Massive 18.5m Jungle Tree House & Private Pools! @SurvivalBuilder​,débil,3.3,1072,2026-03-06
WildAngelBushcraft,https://www.youtube.com/@WildAngelBushcraft,0.374,0.374,0,1,0.7,4957,Smart Fox,85100,A Girl Builds a Shelter in the Woods | Full Timelapse from Start to Finish by @WildAngelBushcraft,débil,0.7,4957,2026-03-31
alex_wildlife,https://www.youtube.com/@alex_wildlife,0.3723,0.372,0,3,0.8,1015,SwiftBuild,4010,Man builds Underground Forest Cabin Made With NATURAL Logs start to finish by @alex_wildlife,media,0.8,9504,2026-07-30
PLAHOUSE-CONTAINER,https://www.youtube.com/@PLAHOUSE-CONTAINER,0.3702,0.37,0,1,0.7,752840,TechFreeze,3220000,Man Builds Dream Container House with Terrace | Start to Finish by @PLAHOUSE-CONTAINER,débil,0.7,752840,2025-03-27
MasonDixonAcres,https://www.youtube.com/@MasonDixonAcres,0.3702,0.37,0,2,0.7,164277,World Build,36500,"From Empty Land to a $450,000 Dream Home in Just 365 Days | Start to Finish by @MasonDixonAcres",débil,0.7,164277,2026-07-25
GhaderAmini-zf9ek,https://www.youtube.com/@GhaderAmini-zf9ek,0.3702,0.37,0,1,0.7,17046,Vertigar Bushcraft,5170,Escaping a  15°C Blizzard - Taking Hiding Under Rocks | By @GhaderAmini-zf9ek,débil,0.7,17046,2026-05-03
XuanFreeLife5688,https://www.youtube.com/@XuanFreeLife5688,0.3702,0.37,0,2,2.8,976,Lynsey Windon,2200,A woman is building a wooden cabin by herself in the mountains pt2 @XuanFreeLife5688,débil,2.8,976,2026-07-09
Bendheim,https://www.youtube.com/@Bendheim,0.3685,0.369,0,1,0.8,959,Rebuilding HD,2420,Inside a Shipping Container: Man Builds the Ultimate Workshop | @Bendheim,débil,0.8,959,2025-12-11
Martijn,https://www.youtube.com/@Martijn,0.3674,0.367,0,1,9.6,937,Renovation Rescue HD,1310,365 Days Turning Alpine Ruins Into Beautiful Homes | @Martijn Doolaard,débil,9.6,937,2026-06-27
gino.varisano,https://www.youtube.com/@gino.varisano,0.3666,0.367,0,2,0.7,63399,Maker World,19200,Man Builds an Amazing DIY Wood Shed in Backyard | Start to Finish @gino.varisano,débil,0.7,63399,2026-06-14
The,https://www.youtube.com/@The,0.3653,0.365,0,2,0.7,922,Rebuilding HD,2420,Man turns backyard into a luxury outdoor kitchen with pool | by @The Kelley’s Country Life,débil,71.0,922,2026-04-05
theCarMechanicXiaoWu,https://www.youtube.com/@theCarMechanicXiaoWu,0.3642,0.364,0,3,3.1,904,Explore Creators ,218,Transforming a Wrecked Car Into Like-New Condition! Full Professional Repair@theCarMechanicXiaoWu,media,3.1,1985,2026-05-07
tyap-lyap,https://www.youtube.com/@tyap-lyap,0.3617,0.362,0,1,0.7,21302,Lord Gizmo,505000,Man Totally Transforms Abandoned Garage Into His DREAM Workshop Start to Finish by @tyap-lyap,débil,0.7,21302,2026-07-08
diy8288,https://www.youtube.com/@diy8288,0.3568,0.357,0,5,0.7,1331,Construcciones Salvajes,3650,Anciano Construye Su Cabaña De Madera Desde Cero A Los 60 Años | De Principio A Fin por ⁨@diy8288⁩,media,0.7,58833,2026-06-30
Dodoan123,https://www.youtube.com/@Dodoan123,0.3547,0.355,0,3,1.0,791,DIY UNIQUE CREATIONS,119,The Journey of Building a Full-Scale Avatar Helicopter from the Future |  Made by @Dodoan123,media,2.3,791,2025-11-21
Bushcraftimprovisation,https://www.youtube.com/@Bushcraftimprovisation,0.3544,0.354,0,2,0.7,14434,MrDuck104,406000,Building a Survival Cabin In The Woods...(@Bushcraftimprovisation),débil,0.7,14434,2024-10-13
outdoorboy0,https://www.youtube.com/@outdoorboy0,0.3544,0.354,0,1,0.7,8961,TTI Build Stories ,1800000,Building a STONE Shelter Under a Giant Rock! (@outdoorboy0 ),débil,0.7,8961,2026-08-09
woodysbarndominium,https://www.youtube.com/@woodysbarndominium,0.3517,0.352,0,1,0.7,59787,Maker World,19200,Family Rebuilds a Dream Off-Grid Cabin in the Forest | Start to Finish by @woodysbarndominium,débil,0.7,59787,2026-06-10
darryldarks,https://www.youtube.com/@darryldarks,0.3517,0.352,0,2,0.7,15769,WildCraft Builds,16000,DIY A-Frame Cabin Build: From Foundation to Finish | Full Construction Journey @darryldarks,débil,0.7,15769,2026-07-29
WargehBushcraft,https://www.youtube.com/@WargehBushcraft,0.3508,0.351,0,1,2.6,754,Explore Creators ,218,"Building a Shelter in a Dangerous Storm – Solo Forest Camping, Survival | @WargehBushcraft",débil,2.6,754,2025-11-19
La_Minh_Ngoc,https://www.youtube.com/@La_Minh_Ngoc,0.3508,0.351,0,1,1.0,754,DIY UNIQUE CREATIONS,119,Beautiful Girl Builds STUNNING Bamboo Roof in 1 Hour! | @La_Minh_Ngoc,débil,1.0,754,2025-01-04
MADDETAILING,https://www.youtube.com/@MADDETAILING,0.3443,0.344,0,1,0.7,1324,Clean & Restore Tech,3380,Restoring An Abandoned Boat After 10 Years To Like-New Condition | By @MADDETAILING,débil,0.7,1324,2026-01-30
CreativeScienceOfficial,https://www.youtube.com/@CreativeScienceOfficial,0.3419,0.342,0,1,0.9,665,DIY UNIQUE CREATIONS,119,MIND-BLOWING SELF-BALANCED VEHICLE Secrets Revealed | by@CreativeScienceOfficial,débil,0.9,665,2025-01-16
WoodworkingProjectsDIY,https://www.youtube.com/@WoodworkingProjectsDIY,0.3405,0.341,0,2,1.3,658,Vietnamese farmers 88,301,Man builds motorbike out of wood / Invent and execute from start to finish @WoodworkingProjectsDIY,débil,1.3,658,2025-01-03
Ishkinin_Outdoors,https://www.youtube.com/@Ishkinin_Outdoors,0.3397,0.34,0,1,0.7,4320,Smart Fox,85100,A Man Builds a Shelter in the Woods | Timelaps by @Ishkinin_Outdoors,débil,0.7,4320,2025-11-10
Bushcraft.en.Solitario,https://www.youtube.com/@Bushcraft.en.Solitario,0.3391,0.339,0,1,2.7,651,Q Makers,74,He Built a Secret Underground Bunker No One Can Find @Bushcraft.en.Solitario,débil,2.7,651,2026-07-13
Wild_Case,https://www.youtube.com/@Wild_Case,0.337,0.337,0,1,0.8,637,DIY UNIQUE CREATIONS,119,HOW TO MAKE A BAMBOO BOW FOR ACCURATE SHOOTING | by@Wild_Case,débil,0.8,637,2025-01-14
DiscoverManufacturing,https://www.youtube.com/@DiscoverManufacturing,0.3353,0.335,0,1,0.6,659199,TechFreeze,3220000,Men Build Full-Size Wooden Ships from Raw Logs | Start to Finish by  @DiscoverManufacturing,débil,0.6,659199,2026-02-22
rcactionhomemade,https://www.youtube.com/@rcactionhomemade,0.3353,0.335,0,2,0.6,630380,Makerium,320000,"Man Builds a $20,000 Mini Tank That Shoots Like a REAL Tank | Full Build by @rcactionhomemade",débil,0.6,630380,2026-07-15
AbelandVictoria,https://www.youtube.com/@AbelandVictoria,0.3353,0.335,0,1,0.6,154827,Betelhem Tech,28000,The Worst Snowstorm — Forced to Take Shelter ❄️⚠️ | By @AbelandVictoria,débil,0.6,154827,2026-06-05
TheEnesYilmazerPodcast,https://www.youtube.com/@TheEnesYilmazerPodcast,0.3353,0.335,0,1,0.6,8298,TTI Build Stories ,1800000,The Most Luxurious House on the Mountain!  😳 Bel Air Escape { @TheEnesYilmazerPodcast   },débil,0.6,8298,2026-07-13
HomeBuiltByJeff,https://www.youtube.com/@HomeBuiltByJeff,0.3345,0.335,0,2,0.8,611,10 Royal Tech,24700,Man Builds a FERRARI From an Abandoned CLASSIC| Start to Finish by @HomeBuiltByJeff,débil,1.2,611,2026-06-21
VermijlCarDetail,https://www.youtube.com/@VermijlCarDetail,0.3337,0.334,0,1,10.7,600,FixNation,1100,Legendary Wash for a 1985 Mercedes-Benz! @VermijlCarDetail,débil,10.7,600,2025-07-05
UlilEbell,https://www.youtube.com/@UlilEbell,0.3329,0.333,0,2,0.6,6386,Quantum Build Studio,18400,Man Builds TWO-STORY Bamboo Cabin in the Jungle in JUST 2 Days | Start to Finish by @UlilEbell,débil,0.6,6386,2026-03-09
RV-19,https://www.youtube.com/@RV-19,0.3321,0.332,0,2,15.7,582,RV-88,496,What Happens When You Restart a 1944 Dodge After 10 Years?By@RV-19,débil,15.7,582,2026-04-28
TheLastSurvivor-7,https://www.youtube.com/@TheLastSurvivor-7,0.3315,0.332,0,1,1.7,579,Buildra,720,Man builds a Dugout With Fireplace inside on a Cliff | Survival Shelter by @TheLastSurvivor-7​,débil,1.7,579,2025-08-29
Flame-Frame-VN,https://www.youtube.com/@Flame-Frame-VN,0.3307,0.331,0,1,10.3,577,FixNation,1100,Insane Restoration of a 1994 Daewoo Cielo 🔧 | @Flame-Frame-VN,débil,10.3,577,2025-07-14
RobsCarpentryAndWoodworks,https://www.youtube.com/@RobsCarpentryAndWoodworks,0.3285,0.329,0,2,0.6,509340,AKLA GELEN,1090000,"Man Renovates Old Shelter, Turns It Into Cozy Cabin | Start to Finish by @RobsCarpentryAndWoodworks",débil,0.6,509340,2026-05-23
volodhendrix,https://www.youtube.com/@volodhendrix,0.3285,0.329,0,1,0.6,4147,Smart Fox,85100,Incredible House Built Start to Finish | Timelapse by  @volodhendrix,débil,0.6,4147,2025-11-25
WisdomPreserved,https://www.youtube.com/@WisdomPreserved,0.3285,0.329,0,1,0.6,4143,Smart Fox,85100,A Woman Builds a Unique Window Greenhouse | Timelapse From Start to Finish by @WisdomPreserved​,débil,0.6,4143,2026-01-18
AxesGarage,https://www.youtube.com/@AxesGarage,0.3285,0.329,0,1,0.6,1428,Techno Fusion HD,53100,From Scrap to Supercar: The 1 Million Dollar Homemade Bugatti! (By @AxesGarage ),débil,0.6,1428,2025-11-02
Satisfyingtech116,https://www.youtube.com/@Satisfyingtech116,0.3255,0.326,0,1,0.7,530,DIY UNIQUE CREATIONS,119,Beautiful BAMBOO Birdcage Designs You Never Knew Existed | by@Satisfyingtech116,débil,0.7,530,2025-01-21
khampha-sangtao,https://www.youtube.com/@khampha-sangtao,0.3239,0.324,0,1,0.7,511,DIY UNIQUE CREATIONS,119,Make A Repair Tool Cabinet  | By@khampha-sangtao #homemade  #diycreation,débil,0.7,511,2024-12-27
OzarkGuy,https://www.youtube.com/@OzarkGuy,0.3231,0.323,0,1,0.6,147292,Betelhem Tech,28000,Part 2 - Spending the Night in an Abandoned Camper Truck in the Middle of the Forest |By@OzarkGuy,débil,0.6,147292,2026-06-12
MattJordanWoodturning,https://www.youtube.com/@MattJordanWoodturning,0.3163,0.316,0,1,0.6,639,H2 EcoTech,183,The Secret Art of Woodturning @MattJordanWoodturning #shorts,débil,0.6,639,2025-02-28
Hoa-Mechanical,https://www.youtube.com/@Hoa-Mechanical,0.313,0.313,0,1,1.7,415,Q Makers,74,She Turned a Rusted Abandoned Bus Into a Stunning Cafe on Wheels | by @Hoa-Mechanical,débil,1.7,415,2026-07-02
MutlulukDogada,https://www.youtube.com/@MutlulukDogada,0.3122,0.312,0,1,0.6,137584,Epic Timeline,35300,Life in a Stone House Beneath Thick Snow | By @MutlulukDogada,débil,0.6,137584,2026-08-10
Restavraciya,https://www.youtube.com/@Restavraciya,0.3092,0.309,0,2,7.0,395,FixNation,1100,🎯 Old Weapon Transformed into a Fiery Masterpiece! 🔥 | @Restavraciya,débil,7.0,395,2026-02-19
arman_bushcraft,https://www.youtube.com/@arman_bushcraft,0.3087,0.309,0,1,0.6,13258,Vertigar Bushcraft,5170,Right Beneath This Ground – There's a Place No One Expects | By @arman_bushcraft,débil,0.6,13258,2026-05-04
WorkshopFromScratch,https://www.youtube.com/@WorkshopFromScratch,0.3087,0.309,0,1,0.8,391,Vietnamese farmers 88,301,Homemade 4-wheel off-road motorbike / Invent and execute from start to finish @WorkshopFromScratch,débil,0.8,391,2024-09-22
divanstroy,https://www.youtube.com/@divanstroy,0.3059,0.306,0,2,1.2,379,The Makers HD,4740,Man Builds Incredible Wood Cabin from Scratch | Start to Finish Full Build.  @divanstroy​,débil,1.2,379,2026-05-11
MakeitExtreme,https://www.youtube.com/@MakeitExtreme,0.3054,0.305,0,1,0.7,378,Vietnamese farmers 88,301,How he made a one-wheeled off-road vehicle/ Invent and execute from start to finish  @MakeitExtreme,débil,0.7,378,2024-09-22
Mustaqim,https://www.youtube.com/@Mustaqim,0.3038,0.304,0,1,3.7,365,Renovation Rescue HD,1310,A Man Turns a Giant Water Tank Into an Unsinkable@Mustaqim Muhammad Hatta,débil,3.7,365,2026-05-27
HKoutdoors76,https://www.youtube.com/@HKoutdoors76,0.3032,0.303,0,1,1.2,364,Explore Creators ,218,Bushcraft Tent Made from Scrap Tires Perfect Construction Process in the Wilderness @HKoutdoors76⁩,débil,1.2,364,2025-11-25
primitivetechnology9550,https://www.youtube.com/@primitivetechnology9550,0.3019,0.302,0,1,0.6,352660,TK Maker,25100,Water-Powered Blacksmith's Blower — Turning Streams into Power 🔧💧🔥  By @primitivetechnology9550,débil,0.6,352660,2026-07-07
Koss-channel,https://www.youtube.com/@Koss-channel,0.3019,0.302,0,2,0.6,7149,MrDuck112,31200,Making Japanese Blade From Rusty File...(@Koss-channel),débil,0.6,9413,2024-10-17
lifeinruralthailand,https://www.youtube.com/@lifeinruralthailand,0.3019,0.302,0,1,0.6,3678,Smart Fox,85100,A Man Builds a Frame House | From Start to Finish by @lifeinruralthailand,débil,0.6,3678,2025-11-05
AmbitionStrikes,https://www.youtube.com/@AmbitionStrikes,0.3019,0.302,0,1,0.6,2011,Namtum Makers,1060,Couple Builds an Amazing Tiny Home From Shipping Containers  | Start to Finish @AmbitionStrikes,débil,0.6,2011,2026-05-20
RescueStory,https://www.youtube.com/@RescueStory,0.3019,0.302,0,2,0.6,1271,Techno Fusion HD,53100,61 Years old Abandoned Motorcycle Back to Life (by @RescueStory ) ASMR Restoration ,débil,0.6,1271,2025-12-27
TheDetailGeek,https://www.youtube.com/@TheDetailGeek,0.2983,0.298,0,1,6.2,349,FixNation,1100,Insane Wash of Two Mud-Covered Cars! 😱🚗 | @TheDetailGeek,débil,6.2,349,2025-07-02
CraftCreative-444,https://www.youtube.com/@CraftCreative-444,0.2978,0.298,0,1,0.7,344,Vietnamese farmers 88,301,Invention of wooden cars / Invent and execute from start to finish @CraftCreative-444,débil,0.7,344,2024-09-20
ShopNation,https://www.youtube.com/@ShopNation,0.2972,0.297,0,1,0.5,686,Rebuilding HD,2420,"A Man Transforms His Backyard into an Amazing Shed for $17,000 | From Start to Finish @ShopNation",débil,0.5,686,2025-12-20
kbmorozov,https://www.youtube.com/@kbmorozov,0.294,0.294,0,1,0.5,524614,Makerium,320000,"Man Builds $12,000 Strongest RC Tractor with Hydraulic Mechanisms | Start to Finish by @kbmorozov​",débil,0.5,524614,2026-02-14
WildSoloSurvival,https://www.youtube.com/@WildSoloSurvival,0.2904,0.29,0,1,1.0,313,The Makers HD,4740,"""The Ultimate Treehouse Masterpiece: 166 Days of Solo Crafting (TIMELAPSE)"" @WildSoloSurvival",débil,1.0,313,2026-03-20
electricsupercar,https://www.youtube.com/@electricsupercar,0.2882,0.288,0,1,0.5,15482,Lord Gizmo,505000,Man Builds a REAL Electric Supercar in His Garage | Start To Finish by @electricsupercar,débil,0.5,15482,2026-05-18
PrimitiveSkillsnet,https://www.youtube.com/@PrimitiveSkillsnet,0.2882,0.288,0,2,0.5,411,Renov Master,2110,Building a Timber Frame House With ZERO Power Tools @PrimitiveSkillsnet,débil,0.5,20302,2026-07-05
LizziCamp97,https://www.youtube.com/@LizziCamp97,0.2836,0.284,0,1,0.5,6485,TTI Build Stories ,1800000,Man Built a Secret Survival Shelter Under a Giant Rock !!! 😳 (By @LizziCamp97 ‬ ),débil,0.5,6485,2026-07-18
GrumpyToadCreation,https://www.youtube.com/@GrumpyToadCreation,0.2836,0.284,0,1,0.5,4084,The Builders World,1460,"Man Builds a Dream Home and Saves $500,000 Doing It Himself - Start to Finish by @GrumpyToadCreation",débil,0.5,4084,2026-07-19
HomesteadingUncontained,https://www.youtube.com/@HomesteadingUncontained,0.2836,0.284,0,1,0.5,3324,Smart Fox,85100,Man builds a greenhouse on his farm | Timelapse from Start to Finish by @HomesteadingUncontained,débil,0.5,3324,2026-06-17
TraplinesandInlines,https://www.youtube.com/@TraplinesandInlines,0.2782,0.278,0,1,0.7,231,The Makers HD,4740,Man Builds a Traditional Japanese Log Cabin | Start to Finish@TraplinesandInlines,débil,0.7,231,2026-07-18
alaskacabinadventures,https://www.youtube.com/@alaskacabinadventures,0.2774,0.277,0,2,0.5,119175,Betelhem Tech,28000,Beautiful Snowstorm — Warm Wooden House Without Grid Electricity ❄️🏡🔥  By @alaskacabinadventures,débil,1.3,119175,2026-06-17
survivalinthewild8639,https://www.youtube.com/@survivalinthewild8639,0.2774,0.277,0,1,0.5,8434,an tinh,6810,The Unlocked Cabin and the Pallet Boards | By @survivalinthewild8639,débil,0.5,8434,2026-05-21
Marshallclassic,https://www.youtube.com/@Marshallclassic,0.2774,0.277,0,3,0.5,3245,Smart Fox,85100,A Man Builds a Shelter in the Woods | Full Timelapse from Start to Finish by @Marshallclassic,media,0.5,27048,2026-08-05
European,https://www.youtube.com/@European,0.2763,0.276,0,1,2.3,224,Renovation Rescue HD,1310,We Bought a 100 Year Old Abandoned House… What Hap@European Homesteading,débil,2.3,224,2026-06-23
CHUANQIENGINE,https://www.youtube.com/@CHUANQIENGINE,0.2763,0.276,0,1,2.2,224,Making Process,19,man builds an MCU version of the Chuanqi V12 engine | from start to finish by@CHUANQIENGINE,débil,2.2,224,2026-08-06
Lautodidacte2.0,https://www.youtube.com/@Lautodidacte2.0,0.2722,0.272,0,1,0.5,113852,BRAIN TIME VT,33700,Man spent 4 years renovating his dream home | Start to Finish @Lautodidacte2.0,débil,0.5,113852,2026-04-30
ThePasturedHomestead,https://www.youtube.com/@ThePasturedHomestead,0.2722,0.272,0,1,0.5,111939,Makers TV,6110,Couple Builds a Self-Sufficient Energy Home on a 50-Acre Farm | by@ThePasturedHomestead,débil,0.5,111939,2026-08-09
WoodworkingInspiration4196,https://www.youtube.com/@WoodworkingInspiration4196,0.27,0.27,0,1,0.8,196,Q Makers,74,Old Man Builds a Giant Wooden Truck Entirely by Hand @WoodworkingInspiration4196,débil,0.8,196,2026-06-11
mattandmouse,https://www.youtube.com/@mattandmouse,0.2681,0.268,0,2,0.5,110460,Makers TV,6110,A 60-Year-Old Man Builds His Dream Log Home in the Forest | From Start to End@mattandmouse,débil,1.1,110460,2026-07-09
mwigmedia,https://www.youtube.com/@mwigmedia,0.2651,0.265,0,5,10.7,182,Quantam Tech HD,24,Man Builds SMALLEST CAR in the WORLD - Start to Finish by @mwigmedia,media,10.7,17599,2026-06-25
WildGnomosTV,https://www.youtube.com/@WildGnomosTV,0.2637,0.264,0,1,0.5,104747,World Build,36500,Man Builds Stunning Log Cabin on MASSIVE GRANITE Foundation | Start to Finish by @WildGnomosTV,débil,0.5,104747,2026-06-23
thinkwilderness,https://www.youtube.com/@thinkwilderness,0.2637,0.264,0,4,0.5,5993,TTI Build Stories ,1800000,"Man Built a Stone House Alone !  Living in 10,000 BC (By @thinkwilderness‬ ​ )",media,1.2,5993,2026-06-13
ChayDenne,https://www.youtube.com/@ChayDenne,0.2637,0.264,0,1,2.7,174,Build Secrets,2,Man Transforms School Bus into 2-Story Dream Home on Wheels | @ChayDenne,débil,2.7,174,2025-07-04
woodjunkie,https://www.youtube.com/@woodjunkie,0.2637,0.264,0,2,1.6,174,Home Renov,9120,We built a low cost house in 7 days  Entire Construction Process By @woodjunkie yt,débil,1.6,174,2026-07-31
tatsujinstyle,https://www.youtube.com/@tatsujinstyle,0.2618,0.262,0,1,1.6,160,Making Process,19,Man makes a very beautiful dragon ornament from glass | from start to finish by @tatsujinstyle,débil,1.6,160,2026-07-22
MrHewes,https://www.youtube.com/@MrHewes,0.2602,0.26,0,1,3.2,156,Epic Explore World,89,Man Restoring the BIGGEST Gun Tank in the World | FV4005 Start to Finish by @MrHewes,débil,3.2,156,2026-01-08
kustorez777,https://www.youtube.com/@kustorez777,0.2594,0.259,0,2,1.6,154,Renovation Rescue HD,1310,Before & After: Removing a 30-Year-Old Overgrown Hedge@kustorez777,débil,1.6,17679,2026-07-24
LýPhúcVy,https://www.youtube.com/@LýPhúcVy,0.2594,0.259,0,2,3.2,154,Survival Skills,7290,Hành Trình Xây Dựng Ngôi Nhà Thay Thế Ngôi Nhà Tre Bị Cháy Của Cô Gái | Từ Đầu Đến Cuối @LýPhúcVy,débil,3.2,154,2026-03-20
Elseweyr,https://www.youtube.com/@Elseweyr,0.2559,0.256,0,2,0.4,355349,AKLA GELEN,1090000,Man Builds a Backyard Tiny House and Turns It into a Home Office | Start to Finish by @Elseweyr,débil,0.4,355349,2026-07-10
Lesnoy_Duyen,https://www.youtube.com/@Lesnoy_Duyen,0.2553,0.255,0,1,10.8,141,Creative Workshop DIY HD,50,"How a ""Forest Girl"" Builds a Bamboo Treehouse on a Giant Tree—All by Herself | by  @Lesnoy_Duyen",débil,10.8,141,2025-10-14
HOMEMADE,https://www.youtube.com/@HOMEMADE,0.2548,0.255,0,1,1.4,140,Renovation Rescue HD,1310,From Raw Steel to Off-Road Beast | Cheetah Buggy Build @HOMEMADE MADNESS,débil,1.4,140,2026-06-14
restorationstools6447,https://www.youtube.com/@restorationstools6447,0.2531,0.253,0,1,2.4,135,FixNation,1100,Reviving a Forgotten Suzuki Truck After 20 Years! | @restorationstools6447,débil,2.4,135,2025-07-15
paktech9707,https://www.youtube.com/@paktech9707,0.2518,0.252,0,1,0.4,1867,Professional Skills,12900,Handmade Isuzu Bus Production in Pakistan | Full Process by Professional Skills @paktech9707,débil,0.4,1867,2026-04-27
phungthienthanh8868,https://www.youtube.com/@phungthienthanh8868,0.2515,0.251,0,1,2.3,129,FixNation,1100,Girl Restores an Abandoned Car from Scratch! 🔨 | @phungthienthanh8868,débil,2.3,129,2025-07-16
tetuchannel,https://www.youtube.com/@tetuchannel,0.2474,0.247,0,1,0.4,845,Clean & Restore Tech,3380,Woman Builds an Incredible Small Pickup Truck Camper | Under 50kg Shell by ‪@tetuchannel‬,débil,0.4,845,2026-01-25
BMSculptures,https://www.youtube.com/@BMSculptures,0.2474,0.247,0,1,0.4,842,Clean & Restore Tech,3380,I Built a Life-Size T-Rex Skull from Wood (50+ Days of Work) | By @BMSculptures,débil,0.4,842,2026-03-05
Life_in_Vietnam,https://www.youtube.com/@Life_in_Vietnam,0.2441,0.244,0,1,7.1,120,Quantam Tech HD,24,Men Revives a 10-Year-Old Abandoned Farm in Just 150 Days - Start to Finish by @Life_in_Vietnam,débil,7.1,120,2025-02-14
DungBushcraft-dq4cu,https://www.youtube.com/@DungBushcraft-dq4cu,0.2428,0.243,0,2,0.4,6089,Not Fake: fyp,18700,A Woman Builds a STRONG Bridge for Her Village—Alone! | Start to Finish by @DungBushcraft-dq4cu,débil,5.7,6089,2025-11-13
LeandroGoretta,https://www.youtube.com/@LeandroGoretta,0.2384,0.238,0,2,1.1,107,Making Process,19,Man Makes a Karambit from an Abandoned Plow Disc | From Start to Finish by@LeandroGoretta,débil,1.1,107,2026-08-04
homemadecreativee,https://www.youtube.com/@homemadecreativee,0.2371,0.237,0,1,0.4,12197,Lord Gizmo,505000,He Built a 7-Seater Solar Powered Bike Bus From START to FINISH by @homemadecreativee‬,débil,0.4,12197,2026-05-21
Judesylvain-88,https://www.youtube.com/@Judesylvain-88,0.2371,0.237,0,2,0.4,6852,an tinh,6810,2.4 Meters of Snow and the Battle for Survival at  18°C | By @Judesylvain-88,débil,0.4,71550,2026-07-21
TieuVyBuilding,https://www.youtube.com/@TieuVyBuilding,0.2371,0.237,0,1,0.4,128,The Makers HD,4740,FULL TIMELAPSE: Solo Woman Builds an Off-Grid Mountain Cabin From Scratch @TieuVyBuilding,débil,0.4,128,2026-04-11
mmbridgeco.ltd.3002,https://www.youtube.com/@mmbridgeco.ltd.3002,0.2371,0.237,0,1,1.1,106,Making Process,19,The Crazy Process of Building Japan's Giant Bridge | From Start to Finish by @mmbridgeco.ltd.3002,débil,1.1,106,2026-07-27
KeeflaDiy,https://www.youtube.com/@KeeflaDiy,0.2322,0.232,0,1,0.4,320459,AKLA GELEN,1090000,Family Builds a Cheap Homemade Pontoon Boat Using Barrels | Start to Finish @KeeflaDiy,débil,0.4,320459,2026-06-08
NLOG_Leather,https://www.youtube.com/@NLOG_Leather,0.2305,0.231,0,1,0.9,96,Making Process,19,Man Makes a Handmade Leather Shoulder Bag | From Start to Finish by @NLOG_Leather,débil,0.9,96,2026-07-26
ARKSurvivaleveloved-cc2tw,https://www.youtube.com/@ARKSurvivaleveloved-cc2tw,0.2292,0.229,0,1,1.7,95,FixNation,1100,Back to Clean After Years of Neglect! | @ARKSurvivaleveloved-cc2tw,débil,1.7,95,2025-07-20
sharingsurvival,https://www.youtube.com/@sharingsurvival,0.2284,0.228,0,1,0.4,392590,TechFreeze,3220000,Man Builds Dream Log Cabin in the Forest | Start to Finish by @sharingsurvival,débil,0.4,392590,2026-01-06
Diego_Leon,https://www.youtube.com/@Diego_Leon,0.2284,0.228,0,1,0.4,89147,BRAIN TIME VT,33700,Couple Restores a 200-Year-Old French Countryside Home | from beginning to end@Diego_Leon,débil,0.4,89147,2026-06-09
cabininthenorth,https://www.youtube.com/@cabininthenorth,0.2284,0.228,0,1,0.4,37266,MrS,19100,The man builds his own wooden cabin by hand. | @cabininthenorth,débil,0.4,37266,2025-02-08
BibiaBus,https://www.youtube.com/@BibiaBus,0.2284,0.228,0,3,0.4,1841,22TechZoom,97400,couple converts old school bus into luxury camper | Full Timelapse by @BibiaBus,media,0.4,1841,2026-06-16
OlegDim,https://www.youtube.com/@OlegDim,0.2284,0.228,0,2,0.4,756,Clean & Restore Tech,3380,DIY Van Conversion: Turning a Van into a Fully Functional Mobile Home | By @OlegDim,débil,1.9,756,2026-06-10
twcdesign,https://www.youtube.com/@twcdesign,0.2284,0.228,0,1,3.2,93,The Maker World,78,1mm Error? Fix Your Dowel Alignment with This Simple Jig!  @twcdesign,débil,3.2,93,2026-04-26
Lesnon,https://www.youtube.com/@Lesnon,0.2262,0.226,0,1,0.9,90,Renovation Rescue HD,1310,Man Built a House in the Wilderness Using ONLY Free Pallets — 129 Days DIY| By @Lesnon,débil,0.9,90,2026-04-01
CleanTheOldHouse,https://www.youtube.com/@CleanTheOldHouse,0.2235,0.223,0,3,0.4,865,Techno Fusion HD,53100,Cleaning an 80-Year-Old Abandoned House — Shocking Transformation (By @CleanTheOldHouse),media,0.6,865,2026-03-30
ourtraveljournalnl,https://www.youtube.com/@ourtraveljournalnl,0.2191,0.219,0,1,0.4,355436,Makerium,320000,Couple Turns Old Fiat Ducato Into a Luxury Tiny Home on Wheels | Start to Finish@ourtraveljournalnl,débil,0.4,355436,2026-05-14
nazaricamping,https://www.youtube.com/@nazaricamping,0.2191,0.219,0,2,0.4,85476,Epic Timeline,35300,Stranded in the Snowy Mountains  Building a Stone Shelter to Survive ❄️ | By @nazaricamping,débil,0.4,85476,2026-08-11
Outdoor_builder,https://www.youtube.com/@Outdoor_builder,0.2191,0.219,0,5,0.4,717,Clean & Restore Tech,3380,A Man Builds A House Made Of Stone And Wood In The Forest Over 30 days | By @Outdoor_builder,media,8.0,133719,2026-07-24
AlmightyGod2512,https://www.youtube.com/@AlmightyGod2512,0.2191,0.219,0,1,0.4,629,Farm Tastic,24700,30 Days Solo Bushcraft: Building a Bamboo Shelter Under a Cliff @AlmightyGod2512,débil,0.4,629,2025-07-07
MichaelRestoration,https://www.youtube.com/@MichaelRestoration,0.2177,0.218,0,1,1.5,82,FixNation,1100,A man restores a 40-year-old classic Royal Enfield motorcycle | @MichaelRestoration,débil,1.5,82,2025-08-14
TinyCabinLife,https://www.youtube.com/@TinyCabinLife,0.2153,0.215,0,1,0.3,221974,TK Maker,25100,Winter in a Bicycle Camper — Warming Up with a Wood Stove 🚲🔥❄️  By @TinyCabinLife,débil,0.3,221974,2026-07-05
boxworks1001,https://www.youtube.com/@boxworks1001,0.2153,0.215,0,1,0.3,375,FuturisticTech,74600,"Man Spends $2,000 Building RC Scania with Real Working Features by @boxworks1001",débil,0.3,375,2025-12-07
kandowild,https://www.youtube.com/@kandowild,0.2153,0.215,0,1,2.5,79,KORIX TECH,831,He Turns a Huge Water Tank Into a Stunning Home! | From Start to Finish by @kandowild,débil,2.5,79,2026-05-23
WOODRESINStudio1,https://www.youtube.com/@WOODRESINStudio1,0.2137,0.214,0,1,0.8,77,Making Process,19,Man is cutting wood to make a beach-themed table at sunset using resin art by ⁨@WOODRESINStudio1,débil,0.8,77,2026-08-05
RCPlayGround,https://www.youtube.com/@RCPlayGround,0.212,0.212,0,2,4.4,75,Quantam Tech HD,24,Man Builds Hyperrealistic RC All-Terrain Vehicle Worth $2000 - Capo CD 1582X Queen by @RCPlayGround,débil,4.4,75,2025-02-09
SmoothGefixt,https://www.youtube.com/@SmoothGefixt,0.212,0.212,0,1,2.1,75,BuildRecap TV,3,Man Builds a Traditional Roundhouse in the Wild | 60 Days of Survival @SmoothGefixt,débil,2.1,75,2026-08-03
GreenSilencee,https://www.youtube.com/@GreenSilencee,0.2118,0.212,0,1,0.3,7914,Vertigar Bushcraft,5170,Transparent tent made of nylon | By @GreenSilencee,débil,0.3,7914,2026-04-26
AsceticLoner,https://www.youtube.com/@AsceticLoner,0.2118,0.212,0,1,0.3,5766,an tinh,6810,Reviving the House After Two Years | By @AsceticLoner,débil,0.3,5766,2026-05-01
TimKatie,https://www.youtube.com/@TimKatie,0.2118,0.212,0,1,0.3,1238,Namtum Makers,1060,Couple Builds an Amazing Luxury Camper Van From a Modern Ford | Full Conversion Process @TimKatie,débil,0.3,1238,2026-05-24
PerkinsBuilderBrothers,https://www.youtube.com/@PerkinsBuilderBrothers,0.2093,0.209,0,1,3.7,72,SUN Channel,42,Extraordinary! This man built a house on a mountain By @PerkinsBuilderBrothers,débil,3.7,72,2024-11-22
TravelingbyTacoma,https://www.youtube.com/@TravelingbyTacoma,0.2069,0.207,0,1,0.3,324781,Makerium,320000,"Man Turns a $20,000 Truck into a Tiny Dream Camper | Start to Finish Build by @TravelingbyTacoma",débil,0.3,324781,2026-04-29
WildBushDriveTurbo,https://www.youtube.com/@WildBushDriveTurbo,0.2069,0.207,0,1,0.3,207610,TK Maker,25100,Secrets Inside a Hollow Tree  A Survival Shelter 🌳🔥 |  By @WildBushDriveTurbo,débil,0.3,207610,2026-08-11
alangomezcraft,https://www.youtube.com/@alangomezcraft,0.2069,0.207,0,2,2.4,70,The Building Zone,9,Man Builds Real Miniature Ships in Full Detail | Ultra-Realistic Models @alangomezcraft,débil,2.4,70,2026-03-13
FarmGirlDaily,https://www.youtube.com/@FarmGirlDaily,0.2044,0.204,0,1,3.2,68,Endresz Bist,5,Building a Traditional Outdoor Kitchen & Red Tile Stove | by @FarmGirlDaily,débil,3.2,68,2026-08-11
DrewBuildsStuff,https://www.youtube.com/@DrewBuildsStuff,0.203,0.203,0,1,4.3,66,The Builder's Stage,7,Turning a Japanese Mini Truck into a 400lb Tiny Home | by@DrewBuildsStuff,débil,4.3,66,2026-07-10
Ytcrop,https://www.youtube.com/@Ytcrop,0.2025,0.203,0,1,0.3,1177,Namtum Makers,1060,Genius Man Builds a Water Pump That Lifts Water 100 Meters Without Electricity ⁨@Ytcrop⁩,débil,0.3,1177,2026-05-13
tieulinhrepair,https://www.youtube.com/@tieulinhrepair,0.2014,0.201,0,1,1.1,64,FixNation,1100,A girl brings an old car back to life! | @tieulinhrepair,débil,1.1,64,2025-09-11
life.uncontained,https://www.youtube.com/@life.uncontained,0.2014,0.201,0,1,3.3,64,SUN Channel,42,Pria ini membangun rumah dari kontainer dan di bantu oleh istrinya By @life.uncontained,débil,3.3,64,2024-11-13
ThisLifeOutdoors,https://www.youtube.com/@ThisLifeOutdoors,0.1984,0.198,0,2,0.3,305671,Makerium,320000,Man Builds Tiny Cabin using FREE Pallets in the Forest | Start to Finish by @ThisLifeOutdoors,débil,0.3,305671,2026-07-30
BushcraftAdventure,https://www.youtube.com/@BushcraftAdventure,0.1984,0.198,0,1,0.3,9446,Lord Gizmo,505000,Man Builds INSANE Snow Igloo To Live In | Start to Finish by @BushcraftAdventure,débil,0.3,9446,2026-05-01
Akira_OA,https://www.youtube.com/@Akira_OA,0.1984,0.198,0,2,0.3,4065,TTI Build Stories ,1800000,Man Risked EVERYTHING to Build This Flying Car in 180 Days!  ( by ‪@Akira_OA‬ ),débil,0.7,4065,2026-04-15
FreeRoamFitouts,https://www.youtube.com/@FreeRoamFitouts,0.1984,0.198,0,1,0.3,2035,Smart Fox,85100,A Man Builds an Amazing DIY Container Home | Housing From Start to Finish by @FreeRoamFitouts,débil,0.3,2035,2026-05-28
JamesBiggar,https://www.youtube.com/@JamesBiggar,0.1946,0.195,0,1,2.0,59,The Building Zone,9,Man Builds Incredible All-Terrain Vehicle From Scratch | by @JamesBiggar,débil,2.0,59,2024-12-06
bkscreative,https://www.youtube.com/@bkscreative,0.1916,0.192,0,1,0.7,57,Hidden Cabin ,48,How to Make a Fiberglass Boat Quickly@bkscreative,débil,0.7,57,2026-03-10
mr.deswal6903,https://www.youtube.com/@mr.deswal6903,0.1911,0.191,0,1,0.3,299882,TechFreeze,3220000,Building the Biggest RC Tractor with REAL Mechanisms | Full Process by​ @mr.deswal6903​,débil,0.3,299882,2025-05-22
woody_allan,https://www.youtube.com/@woody_allan,0.1911,0.191,0,1,0.3,3774,TTI Build Stories ,1800000,Man Built a Secret Underground Heated Cabin in the Forest!  (By ‪@woody_allan  ),débil,0.3,3774,2026-06-12
AleksandrKvasha,https://www.youtube.com/@AleksandrKvasha,0.1911,0.191,0,1,0.3,3746,TTI Build Stories ,1800000,Man Built a SECRET Bunker in His Backyard - DIY Transformation! ( By ‪@AleksandrKvasha‬),débil,0.3,3746,2026-03-29
BreakFreeHomestead,https://www.youtube.com/@BreakFreeHomestead,0.1911,0.191,0,1,0.3,898,Quantum Builders,8730,How One Man Turned an Old Garage Into a Cozy Living Space | Start to Finish by @BreakFreeHomestead,débil,0.3,898,2026-04-16
DeRusterGarage,https://www.youtube.com/@DeRusterGarage,0.1903,0.19,0,1,1.0,56,FixNation,1100,From Rust to Glory! 🔧✨ | Restoring the Classic BMW E28 @DeRusterGarage,débil,1.0,56,2025-10-30
DanZalinsky,https://www.youtube.com/@DanZalinsky,0.1843,0.184,0,2,0.3,264625,Makerium,320000,Man Turns Old School Bus Into Luxury Mobile Home | Start to Finish by @DanZalinsky,débil,0.3,264625,2026-05-08
YOGOMANinAK,https://www.youtube.com/@YOGOMANinAK,0.1843,0.184,0,2,0.3,235,TECHNOLOGY KBG,984,"In freezing temperatures of -47°F, the man built a two-story igloo for himself,@YOGOMANinAK",débil,0.3,2135,2026-03-12
nnkhmisc,https://www.youtube.com/@nnkhmisc,0.1837,0.184,0,1,1.0,53,HybridBeast-X,3,Man Restores an Abandoned Old Boat Into Like-New Condition | Start to Finish by @nnkhmisc,débil,1.0,53,2026-05-29
vivere.in.momento,https://www.youtube.com/@vivere.in.momento,0.1815,0.182,0,1,0.3,62778,Betelhem Tech,28000,Trapped in a Snowstorm — An Abandoned Wooden House ❄️🏚️|  By @vivere.in.momento,débil,0.3,62778,2026-05-29
SimonFordman,https://www.youtube.com/@SimonFordman,0.1805,0.18,0,1,4.6,51,Crafted Hub,5,50 Years of Rust: Reviving a Fire-Damaged 1971 Chevelle | by @SimonFordman,débil,4.6,51,2026-07-26
Girl,https://www.youtube.com/@Girl,0.1805,0.18,0,1,0.5,51,Renovation Rescue HD,1310,Restoring a Forgotten Machine: The Bus Revival Project | Created by @Girl Mechanical,débil,0.5,51,2026-04-03
CleanupMowing,https://www.youtube.com/@CleanupMowing,0.1786,0.179,0,1,2.9,50,Quantam Tech HD,24,No One Believed There Was a Sidewalk... Until They Revealed a Massive Hidden Path - @CleanupMowing,débil,2.9,50,2025-02-22
OutdoorBoys,https://www.youtube.com/@OutdoorBoys,0.1775,0.177,0,1,0.2,4243,an tinh,6810,No Escape at  35°C   You Must Save Yourself | By @OutdoorBoys,débil,0.2,4243,2026-05-01
odo_diy,https://www.youtube.com/@odo_diy,0.1775,0.177,0,1,0.2,3293,TTI Build Stories ,1800000,Japanese Man Renovates an Abandoned House For Rental Income — Start to Finish! (By @odo_diy‬ ),débil,0.2,3293,2026-03-22
MARCANDSANDY,https://www.youtube.com/@MARCANDSANDY,0.1775,0.177,0,1,0.2,319,Rebuilding HD,2420,Couple transforms abandoned house into a stunning palace in 9 months! | @MARCANDSANDY,débil,0.2,319,2026-04-21
gesithasgewissa,https://www.youtube.com/@gesithasgewissa,0.1766,0.177,0,1,1.0,49,Forge 7,12,Zero Modern Tools: Building a Medieval Wattle & Daub Roundhouse | by @gesithasgewissa,débil,1.0,49,2026-07-31
AutoFinesseDetailing,https://www.youtube.com/@AutoFinesseDetailing,0.1737,0.174,0,1,0.8,47,FixNation,1100,Dream Car BMW M3 E36 Classic 🔥⚔️ | @AutoFinesseDetailing,débil,0.8,47,2025-10-31
DağKöyündeHayat,https://www.youtube.com/@DağKöyündeHayat,0.172,0.172,0,1,0.2,21405,Maker World,19200,Man Builds Unique Off-Grid Cabin Using Only Hand Tools @DağKöyündeHayat,débil,0.2,21405,2025-11-08
lttivi,https://www.youtube.com/@lttivi,0.172,0.172,0,2,0.2,2477,Quantum Build Studio,18400,Man Builds Incredible Floating Bamboo Raft Home for Family | Start to Finish | by @lttivi ‬,débil,0.2,2477,2026-07-28
mayilaicreatives,https://www.youtube.com/@mayilaicreatives,0.172,0.172,0,1,0.2,478,Clean & Restore Tech,3380,DIY Aircraft Model Made from PVC Plastic | By @mayilaicreatives,débil,0.2,478,2026-02-03
Wild_Hammer,https://www.youtube.com/@Wild_Hammer,0.1663,0.166,0,2,0.2,42915,Build Maker,46200,Man Builds Incredible DIY Tree House Build in the Woods | Start to Finish by @Wild_Hammer,débil,18.0,42915,2026-02-14
KentSurvival,https://www.youtube.com/@KentSurvival,0.1663,0.166,0,1,0.2,5341,Vertigar Bushcraft,5170,Transforming Insulation Materials in to an Ultra Warm Sleeping Cocoon | By @KentSurvival,débil,0.2,5341,2026-05-09
koscheyproject,https://www.youtube.com/@koscheyproject,0.1663,0.166,0,1,0.2,714,Quantum Builders,8730,Man Turns Empty Wilderness Into a Dream Cabin in Just 6 Days | Start to Finish by @koscheyproject,débil,0.2,714,2026-04-02
YachtCityLife,https://www.youtube.com/@YachtCityLife,0.1655,0.165,0,1,1.3,43,KORIX TECH,831,Abandoned Boat Becomes a $3 Million Luxury Yacht! | From Start to Finish by @YachtCityLife,débil,1.3,43,2026-06-14
Mechanicalskils,https://www.youtube.com/@Mechanicalskils,0.1655,0.165,0,1,0.8,43,FixNation,1100,Rubber Recycling in India 🔥 Hard Work with Human Efforts Only! | @Mechanicalskils,débil,0.8,43,2025-09-07
Polissya,https://www.youtube.com/@Polissya,0.1655,0.165,0,1,0.4,43,Renovation Rescue HD,1310,A Man Built a Secret Shelter Under a Giant Birch Root – The Result Is Amazing @Polissya Bushcraftf,débil,0.4,43,2026-07-04
Motorizando,https://www.youtube.com/@Motorizando,0.1628,0.163,0,3,0.4,42,Renovation Rescue HD,1310,Man Built a Mini Motorcycle from Scrap | Start to Finish by @Motorizando,media,1.8,60066,2026-05-24
LakeLotBuild,https://www.youtube.com/@LakeLotBuild,0.1609,0.161,0,1,0.2,225870,TechFreeze,3220000,Couple Builds ICF House on Mountain with Million Dollar View | Start to Finish by @LakeLotBuild,débil,0.2,225870,2025-04-23
ForestBuilder16,https://www.youtube.com/@ForestBuilder16,0.1609,0.161,0,1,0.2,3827,an tinh,6810,Surviving in the Air using plastic wrap | By @ForestBuilder16,débil,0.2,3827,2026-05-05
monobatiz,https://www.youtube.com/@monobatiz,0.1609,0.161,0,1,0.2,684,Quantum Builders,8730,How One Man Turned Wooden Pallets Into a Fully Insulated House| Start to Finish by @monobatiz,débil,0.2,684,2026-03-31
CantContainUs,https://www.youtube.com/@CantContainUs,0.16,0.16,0,1,2.1,41,SUN Channel,42,Pria Ini Membangun Rumah dari Kontainer Tanpa Pengalaman By @CantContainUs,débil,2.1,41,2024-11-20
emilyaisling,https://www.youtube.com/@emilyaisling,0.16,0.16,0,1,0.7,41,FixNation,1100,A Girl Builds Her Dream Cabin in the Forest! 🌲🔥 | @emilyaisling,débil,0.7,41,2025-07-25
SmartEasyDIYer,https://www.youtube.com/@SmartEasyDIYer,0.1568,0.157,0,1,1.2,40,ULTIMATE BUILD LAD DIY,2,From Empty Space to the Ultimate Dream Garage | Full DIY Build Process @SmartEasyDIYer,débil,1.2,40,2026-06-30
Ruslan,https://www.youtube.com/@Ruslan,0.1568,0.157,0,1,0.4,40,Renovation Rescue HD,1310,How to Build Your Dream Underground House in 1.5 Years – Step by Step | by @Ruslan in the Woods,débil,0.4,40,2026-04-09
Exode-Rénovation,https://www.youtube.com/@Exode-Rénovation,0.1562,0.156,0,2,0.2,202765,Makerium,320000,"Couple Turns an Abandoned House into a $500,000 Dream Home | Start to Finish by @Exode-Rénovation",débil,0.2,202765,2026-05-28
PacificPinesRanch,https://www.youtube.com/@PacificPinesRanch,0.1562,0.156,0,1,0.2,8078,NEW VICTORY,1110,"They Spent $700,000 Turning Junk Containers Into a Modern Architectural Miracle.(@PacificPinesRanch)",débil,0.2,8078,2026-08-05
HansChan26,https://www.youtube.com/@HansChan26,0.1562,0.156,0,1,0.2,2679,TTI Build Stories ,1800000,Giant Wind-Turbine Installation by @HansChan26,débil,0.2,2679,2026-08-01
MadeinPolandChannel,https://www.youtube.com/@MadeinPolandChannel,0.1513,0.151,0,1,0.2,735,Namtum Makers,1060,Built A Custom Utility Vehicle With A Hydraulic Bucket | Start to Finish by @MadeinPolandChannel,débil,0.2,735,2026-06-05
DağKöyü,https://www.youtube.com/@DağKöyü,0.1478,0.148,0,1,0.2,153,Renov Master,2110,"Man Builds a Cabin Alone With Hand Tools | Start to Finish, No Talking by @DağKöyü",débil,0.2,153,2026-07-27
bywoodman,https://www.youtube.com/@bywoodman,0.1445,0.145,0,1,2.2,35,CONSTRUCTION OF SURVIVITY ,1,A 900-day journey to build a fully equipped wooden house for a large family. by @bywoodman,débil,2.2,35,2026-06-15
bergerstefan,https://www.youtube.com/@bergerstefan,0.1443,0.144,0,1,0.2,3023,an tinh,6810,Escaping a Blizzard and Setting Up a Tent in Desperation | By @bergerstefan,débil,0.2,3023,2026-05-02
SurvivingAlone-i2j,https://www.youtube.com/@SurvivingAlone-i2j,0.1443,0.144,0,1,0.2,2016,Crafted Foundations,241,From Raw Dirt: Solo Building an Off-Grid Concrete Homestead | by @SurvivingAlone-i2j,débil,0.2,2016,2026-08-06
OMGscaleworks,https://www.youtube.com/@OMGscaleworks,0.1443,0.144,0,1,0.2,82,Maexology,1970,Building Ferrari F8 Tributo Scale Model | Start to Finish @OMGscaleworks,débil,0.2,82,2026-03-14
ConstructiiInDetaliu,https://www.youtube.com/@ConstructiiInDetaliu,0.141,0.141,0,1,1.0,34,ULTIMATE BUILD LAD DIY,2,Building a Modern Dream House from Scratch in Just 60 Days |  by @ConstructiiInDetaliu,débil,1.0,34,2026-07-15
wheelxlab,https://www.youtube.com/@wheelxlab,0.138,0.138,0,1,0.2,181192,TechFreeze,3220000,Man Builds Kawasaki Ninja By Hand — The Result is Mind-Blowing by @wheelxlab,débil,0.2,181192,2025-07-13
QuietNerd,https://www.youtube.com/@QuietNerd,0.138,0.138,0,1,0.2,40172,Betelhem Tech,28000,Upgrading a Camper — Building Your Own Cabin and Sleeping Overnight in the Snow | By @QuietNerd,débil,0.2,40172,2026-05-23
JPMansionTours,https://www.youtube.com/@JPMansionTours,0.138,0.138,0,1,0.2,2246,TTI Build Stories ,1800000,Inside a $5 Million Mansion That Feels Like a 7-Star Resort!  (By @JPMansionTours ),débil,0.2,2246,2026-06-30
TheRestorer,https://www.youtube.com/@TheRestorer,0.1375,0.137,0,1,0.6,33,FixNation,1100,Cleaning Old Knives in an Incredible Way! 🔪 | @TheRestorer,débil,0.6,33,2025-07-21
Clean,https://www.youtube.com/@Clean,0.1375,0.137,0,1,0.3,33,Renovation Rescue HD,1310,Two Brothers Transformed an Overgrown Abandoned Villa | By @Clean The Old House,débil,0.3,33,2026-04-16
WildNovels,https://www.youtube.com/@WildNovels,0.1334,0.133,0,1,0.4,32,Hidden Cabin ,48,A House on Water Built by Two Women by Hand | From Foundation to Comfort@WildNovels,débil,0.4,32,2026-01-25
UltimateTechHub,https://www.youtube.com/@UltimateTechHub,0.1304,0.13,0,1,0.2,1041,Smart Fox,85100,A Man Builds a Backyard Pool | From Start to Finish | Timelapse by @UltimateTechHub,débil,0.2,1041,2026-01-15
adventuresakahayang,https://www.youtube.com/@adventuresakahayang,0.1304,0.13,0,1,0.2,1034,Smart Fox,85100,A Man Builds an Incredible Shelter in the Jungle | From Start to Finish by @adventuresakahayang,débil,0.2,1034,2025-12-15
thecoyotelab,https://www.youtube.com/@thecoyotelab,0.1304,0.13,0,1,0.2,509,Quantum Builders,8730,"Man Builds a DREAM HOME from Shipping Containers for Just $12,000 | by @thecoyotelab",débil,0.2,509,2026-05-09
KopauKakXo4u,https://www.youtube.com/@KopauKakXo4u,0.1301,0.13,0,2,6.2,31,Aether Labs Tech,5,We Built a DIY Underground Bunker | Start to Finish by ‪@KopauKakXo4u ‬,débil,6.2,31,2025-08-18
hennybutabi,https://www.youtube.com/@hennybutabi,0.1274,0.127,0,1,1.8,30,Quantam Tech HD,24,Man Builds a High Power Fat Tyres Electric Scooter - DIY Project by @hennybutabi,débil,1.8,30,2025-02-05
sethcraftshop,https://www.youtube.com/@sethcraftshop,0.1274,0.127,0,1,0.9,30,KORIX TECH,831,This Man Recycled Old Tires Into a Stunning Off Grid Wooden House All by Himself! @sethcraftshop,débil,0.9,30,2026-04-09
alexbushcraftmy,https://www.youtube.com/@alexbushcraftmy,0.1274,0.127,0,1,1.0,30,Build Beyond,50,Man Digs and Transforms a Mountain into A SECRETE BUNKER By ‪@alexbushcraftmy,débil,1.0,30,2024-10-16
rlcmaker,https://www.youtube.com/@rlcmaker,0.1274,0.127,0,1,1.8,30,Quantam Tech HD,24,Man Builds Amazing SWIMMING POOL in His Backyard - Start to Finish by @rlcmaker,débil,1.8,30,2025-02-03
Çelik_Ev_İskender_Usta,https://www.youtube.com/@Çelik_Ev_İskender_Usta,0.123,0.123,0,1,0.9,29,KORIX TECH,831,He Constructs a Stunning Steel House From Zero! | From Start to Finish by @Çelik_Ev_İskender_Usta,débil,0.9,29,2026-05-06
modustrial,https://www.youtube.com/@modustrial,0.123,0.123,0,1,0.6,29,Epic Explore World,89,Man Builds Total Concrete DIY 2026 | Start to Finish by @modustrial,débil,0.6,29,2026-03-23
OkahachiRenovation,https://www.youtube.com/@OkahachiRenovation,0.1225,0.122,0,1,0.1,2014,TTI Build Stories ,1800000,Man Renovates an Abandoned House Into a Japanese Masterpiece! (By @OkahachiRenovation‬ ),débil,0.1,2014,2026-03-19
LESNUE,https://www.youtube.com/@LESNUE,0.1192,0.119,0,2,0.9,28,KORIX TECH,831,Man Builds a Two-Room Treehouse on a 200-Year-Old Tree! | From Start to Finish by @LESNUE,débil,0.9,2892,2026-06-17
BuiltintheUSA,https://www.youtube.com/@BuiltintheUSA,0.1192,0.119,0,1,0.5,28,FixNation,1100,Inside Toyota’s Factory Building the World’s Most Powerful and Luxurious Cars 🚗🔥 | @BuiltintheUSA,débil,0.5,28,2025-11-05
Tinspaces,https://www.youtube.com/@Tinspaces,0.1168,0.117,0,1,0.8,27,KORIX TECH,831,Man Builds a Luxury Hotel With Terrace From Two Containers! | From Start to Finish by @Tinspaces,débil,0.8,27,2026-05-20
TanSoLoSurvival,https://www.youtube.com/@TanSoLoSurvival,0.1168,0.117,0,1,2.2,27,Project Redline,1,Solo Survival: Building a Rainproof Floating Bamboo Shelter | by @TanSoLoSurvival,débil,2.2,27,2026-07-30
jeffreywaldman,https://www.youtube.com/@jeffreywaldman,0.1143,0.114,0,1,0.1,110868,AKLA GELEN,1090000,Friends Build a Wood Cabin in Forest in 10 Minutes – TIMELAPSE | Start to Finish by @jeffreywaldman,débil,0.1,110868,2026-08-10
WesternPioneer,https://www.youtube.com/@WesternPioneer,0.1143,0.114,0,3,0.1,12772,Maker World,19200,Man Builds 1800s Western Log Cabin with Traditional Techniques | by @WesternPioneer,media,0.1,12772,2026-04-06
HomeSweetHomeAlaska,https://www.youtube.com/@HomeSweetHomeAlaska,0.1143,0.114,0,1,0.1,11948,Maker World,19200,Man Builds an Incredible Dream Log House in the Wild Forest | Start to Finish@HomeSweetHomeAlaska,débil,0.1,11948,2026-04-13
kryptojdm,https://www.youtube.com/@kryptojdm,0.1143,0.114,0,1,0.1,1878,TTI Build Stories ,1800000,Man Restores DESTROYED Cars! And It’s Unreal! 😳. (By @kryptojdm  ),débil,0.1,1878,2026-06-02
lathimui,https://www.youtube.com/@lathimui,0.1143,0.114,0,1,0.1,1413,Quantum Build Studio,18400,Poor Family Builds a New Home After Their House Was Destroyed by Heavy Rain | Build by @lathimui,débil,0.1,1413,2026-03-25
bonbonscalemodel,https://www.youtube.com/@bonbonscalemodel,0.1138,0.114,0,1,1.5,26,Quantam Tech HD,24,Man Builds Hyperrealistic Racing F1 Car at Scale - Replica by @bonbonscalemodel,débil,1.5,26,2025-02-23
landonsees7739,https://www.youtube.com/@landonsees7739,0.1138,0.114,0,1,0.9,26,The Building Zone,9,Man Spends 2 Years Building Tiny Castle Out of Ice Cream Sticks | by @landonsees7739,débil,0.9,26,2024-11-11
JoelTremblayCA,https://www.youtube.com/@JoelTremblayCA,0.1105,0.111,0,1,1.5,25,Quantam Tech HD,24,Man Converts Cargo TRAILER into Tiny CAMPER - Start to Finish @JoelTremblayCA,débil,1.5,25,2025-02-06
wtcreative,https://www.youtube.com/@wtcreative,0.1078,0.108,0,1,0.8,24,KORIX TECH,831,Scrap Car From a Stream Turned Into an Electric Go-Kart! | From Start to Finish by @wtcreative,débil,0.8,24,2026-05-19
ChadsCustomCreations,https://www.youtube.com/@ChadsCustomCreations,0.1078,0.108,0,1,1.4,24,Quantam Tech HD,24,Man Spends $7000 Building Amazing Backyard Swimming Pool - by @ChadsCustomCreations,débil,1.4,24,2025-02-25
OficinadoParma,https://www.youtube.com/@OficinadoParma,0.1078,0.108,0,1,1.4,24,Quantam Tech HD,24,Man Builds Hyperealistic F1 CAR Replica At Scale - 1988 McLaren by @OficinadoParma,débil,1.4,24,2025-02-07
mycustomgokart,https://www.youtube.com/@mycustomgokart,0.107,0.107,0,1,0.1,135997,TechFreeze,3220000,Man Transforms Old Lawn Mower into a Fast Racing Go-Kart | Start to Finish by @mycustomgokart,débil,0.1,135997,2025-11-27
whyknotbuildit,https://www.youtube.com/@whyknotbuildit,0.107,0.107,0,1,0.1,132585,Makerium,320000,"Couple Restores Their Storm-Destroyed Backyard and Saves $40,000 | Full Build by @whyknotbuildit​",débil,0.1,132585,2026-05-30
Bochi,https://www.youtube.com/@Bochi,0.107,0.107,0,1,0.1,15751,Machine stage,2780000,This guy builds a round house in just 3 days! From start to finish by @Bochi Hut,débil,0.1,15751,2026-01-26
TNCreativeProject,https://www.youtube.com/@TNCreativeProject,0.107,0.107,0,2,0.1,571,Professional Skills,12900,How Built a Solar Powered Electric Car From Start to Finish | Review @TNCreativeProject,débil,0.1,35204,2026-08-08
marcetsandy,https://www.youtube.com/@marcetsandy,0.107,0.107,0,1,0.1,330,WoodCraft Empire,1850,Turning an Old Room Into a Beautiful Modern Space @marcetsandy @QuantumMakers,débil,0.1,330,2026-06-17
theminiarchitect,https://www.youtube.com/@theminiarchitect,0.1042,0.104,0,1,1.4,23,Quantam Tech HD,24,Man Builds Luxury Mansion with Mini Bricks - Start to Finish by @theminiarchitect￼,débil,1.4,23,2025-02-28
BradenBuildz,https://www.youtube.com/@BradenBuildz,0.1013,0.101,0,1,1.3,22,Quantam Tech HD,24,Man Fully Restores Abandoned Trailer Back to New - Start to Finish by @BradenBuildz,débil,1.3,22,2025-04-15
AmbitionStrikes1.On.T.elegram,https://www.youtube.com/@AmbitionStrikes1.On.T.elegram,0.0996,0.1,0,1,1.4,21,The Builder's Stage,7,Turning a Cold Steel Box Into a Custom Floating Home | by @AmbitionStrikes1.On.T.elegram,débil,1.4,21,2026-07-14
ATHOSOutdoorProspector,https://www.youtube.com/@ATHOSOutdoorProspector,0.0966,0.097,0,1,0.5,20,RV-88,496,Hidden Forest House | Bushcraft Survival Shelter|By@ATHOSOutdoorProspector,débil,0.5,20,2026-04-05
QuantamTech,https://www.youtube.com/@QuantamTech,0.0966,0.097,0,1,1.2,20,Quantam Tech HD,24,Two Brothers Build Amazing Log Cabin Off Grid From Scratch - by @QuantamTech,débil,1.2,20,2025-03-11
ZoomInProcess,https://www.youtube.com/@ZoomInProcess,0.0947,0.095,0,1,0.1,36,The Makers HD,4740,Building a Stunning Wooden House from Scratch | Off-Grid Full Build .@ZoomInProcess​,débil,0.1,36,2026-03-16
Ferincishin,https://www.youtube.com/@Ferincishin,0.0931,0.093,0,1,1.0,19,Houseline Project,5,Epic CABIN Build Deep in the Remote FOREST | From Start to Finish by @Ferincishin​,débil,1.0,19,2025-04-20
Triệu_Phong_tv,https://www.youtube.com/@Triệu_Phong_tv,0.0931,0.093,0,1,0.4,19,Survival Skills,7290,Young Man Rebuilds A Completely New Bamboo House | From Start To Finish by@Triệu_Phong_tv ,débil,0.4,19,2025-11-15
BordeauxLife,https://www.youtube.com/@BordeauxLife,0.089,0.089,0,1,0.9,18,SUN Channel,42,Keluarga Beranggota 4 Orang Membangun Kolam Renang @BordeauxLife,débil,0.9,18,2024-11-25
BUSHCRAFT72H,https://www.youtube.com/@BUSHCRAFT72H,0.089,0.089,0,1,0.6,18,KORIX TECH,831,Man Builds a Secret Shelter in a Ravine No Animal Can Reach! | From Start to Finish by @BUSHCRAFT72H,débil,0.6,18,2026-05-09
restorationUphone,https://www.youtube.com/@restorationUphone,0.089,0.089,0,1,1.6,18,Crafted Hub,5,Restoring a Rusted Mercedes S600 from a Bare Frame | by @restorationUphone,débil,1.6,18,2026-08-04
YensBastiaens,https://www.youtube.com/@YensBastiaens,0.0882,0.088,0,1,0.1,24819,Betelhem Tech,28000,Spending the Night in a Deserted Mountain — Alone in a Tent ⛰️🏕️ | By @YensBastiaens,débil,0.1,24819,2026-06-01
The_Rebuild_Lab,https://www.youtube.com/@The_Rebuild_Lab,0.0882,0.088,0,2,0.1,5239,Life Rhythm TV,4350,Man bought an abandoned luxury car and restored it to like-new condition |@The_Rebuild_Lab,débil,0.7,5239,2026-07-26
NatureKnife,https://www.youtube.com/@NatureKnife,0.0882,0.088,0,1,0.1,2252,Vertigar Bushcraft,5170,Transform the Plastic Wrap into a Transparent Cabin | By @NatureKnife,débil,0.1,2252,2026-04-30
amazingskillas,https://www.youtube.com/@amazingskillas,0.0882,0.088,0,1,0.1,426,Professional Skills,12900,Crafting a Stunning Wooden Hotpot with Brass Detailing by @amazingskillas ,débil,0.1,426,2025-08-11
RinaandMichael,https://www.youtube.com/@RinaandMichael,0.0817,0.082,0,2,0.1,71929,AKLA GELEN,1090000,Family Builds Dream Camper Van | Start to Finish Conversion by @RinaandMichael​,débil,0.1,71929,2026-03-07
QTechGlobal,https://www.youtube.com/@QTechGlobal,0.0817,0.082,0,1,0.1,9310,Innovative Tech World,37300,The Forgotten Village: One Young Man’s Incredible Wooden House Transformation | By @QTechGlobal,débil,0.1,9310,2026-05-16
Sunchannel03,https://www.youtube.com/@Sunchannel03,0.0778,0.078,0,1,0.8,16,SUN Channel,42,Funny video part 6 #viralvideo #funnyvideo #funnyvideos #memes #meme @Sunchannel03,débil,0.8,16,2024-12-03
randomskills5773,https://www.youtube.com/@randomskills5773,0.0754,0.075,0,1,0.1,361,Professional Skills,12900,Skilled Workers Build Powerful Lathe Machine by @randomskills5773,débil,0.1,361,2026-05-13
AsbjornOlsenBerg,https://www.youtube.com/@AsbjornOlsenBerg,0.0735,0.073,0,1,15.0,15,ArtisTech,4,The Ultimate ASMR Dugout: Building My Best Hideout Yet in the Wild Forest | By @AsbjornOlsenBerg,débil,15.0,15,2024-12-18
PetaVillage,https://www.youtube.com/@PetaVillage,0.0735,0.073,0,1,15.0,15,ArtisTech,4,Building a Sturdy Stone Shelter | Bushcraft Warm Shelter | Start to Finsh By @PetaVillage,débil,15.0,15,2024-12-07
jmuller86,https://www.youtube.com/@jmuller86,0.0735,0.073,0,1,1.0,15,The Builder's Stage,7,Can One Man Finish an A-Frame Cabin Before Winter | by @jmuller86,débil,1.0,15,2026-07-22
Rusty,https://www.youtube.com/@Rusty,0.07,0.07,0,1,14.0,14,ArtisTech,4,From Rust to Glory: Restoring a Vintage Machine Gun | by @Rusty Restore,débil,14.0,14,2024-11-18
AYACAMPING,https://www.youtube.com/@AYACAMPING,0.07,0.07,0,1,1.2,14,Project Redline,1,Building a Warm Dual-Tent Shelter in Heavy Rain | by @AYACAMPING,débil,1.2,14,2026-07-05
RestorationTools6868,https://www.youtube.com/@RestorationTools6868,0.07,0.07,0,2,0.4,14,RV-88,496,This Abandoned KIA Truck Sat Underwater for Years… Here's What Happened@RestorationTools6868,débil,0.6,14,2026-07-30
diekleinewerkstatt727,https://www.youtube.com/@diekleinewerkstatt727,0.067,0.067,0,1,0.1,17093,BRAIN TIME VT,33700,Man Transforms His Backyard and Builds an Amazing BBQ Cabin | by@diekleinewerkstatt727,débil,0.1,17093,2026-08-10
Lakimhue998,https://www.youtube.com/@Lakimhue998,0.067,0.067,0,1,0.1,8156,Machine stage,2780000,This young woman is bringing a 90-year-old scrap tractor back to brand new condition! @Lakimhue998,débil,0.1,8156,2026-03-09
FLManGarage,https://www.youtube.com/@FLManGarage,0.067,0.067,0,1,0.1,517,KLIFS TECH,71100,He Transforms Scrapyard V8 Chevrolet C10 Back to New | Restoration By @FLManGarage,débil,0.1,517,2026-06-04
Gablok-maison-kit,https://www.youtube.com/@Gablok-maison-kit,0.067,0.067,0,1,0.1,187,WoodCraft Empire,1850,Affordable House Construction in Record Time | Full Building Process @Gablok-maison-kit,débil,0.1,187,2026-06-11
European_hometeading,https://www.youtube.com/@European_hometeading,0.067,0.067,0,1,0.1,40,HITECH,208,Renovating a house over 70 years old into a wonderful home.| @European_hometeading,débil,0.1,40,2026-07-17
DetailDane,https://www.youtube.com/@DetailDane,0.0651,0.065,0,1,2.6,13,CONTENTS DISCOVERY,9,First Wash in 48 YEARS! by @DetailDane  #BarnFind #ChevyDeluxe #ASMR #Detailing #Satisfying,débil,2.6,13,2024-11-18
ArtSport,https://www.youtube.com/@ArtSport,0.0651,0.065,0,1,13.0,13,ArtisTech,4,Building a Stunning A-Frame House on a Riverside Beach | Start To Flish By @ArtSport,débil,13.0,13,2024-12-16
MrZhangsDetailing,https://www.youtube.com/@MrZhangsDetailing,0.0651,0.065,0,1,1.0,13,Creative Workshop DIY HD,50,狠人操作！3580 美元买 5 辆泡水车，顶级修车技术翻新太牛了 | by @MrZhangsDetailing,débil,1.0,13,2025-10-16
InfinityGarage-ig8py,https://www.youtube.com/@InfinityGarage-ig8py,0.0585,0.059,0,1,0.1,227,Namtum Makers,1060,BUILDING a High-Speed Go-Kart From a Kawasaki GPZ500 Engine @InfinityGarage-ig8py,débil,0.1,227,2026-06-08
patricktlee,https://www.youtube.com/@patricktlee,0.0585,0.059,0,1,0.1,77,Rebuilding HD,2420,Man Builds Stunning SWIMMING POOL In His Backyard | Start To Finish By@patricktlee,débil,0.1,77,2026-07-15
FarisandLisa,https://www.youtube.com/@FarisandLisa,0.0539,0.054,0,1,3.1,11,ROAMING TECH,19,Couple Transforms Land Into Modern Barn House | @FarisandLisa,débil,3.1,11,2025-12-11
RenovationProcess,https://www.youtube.com/@RenovationProcess,0.0539,0.054,0,2,2.2,11,CONTENTS DISCOVERY,9,Single woman restores her mother's old house and transformed -- by@RenovationProcess,débil,2.2,11,2026-08-09
TheMaineWoods,https://www.youtube.com/@TheMaineWoods,0.0539,0.054,0,1,1.5,11,Olivia Hunt,0,Saving a Rotting Off-Grid Cabin from Collapsing | by @TheMaineWoods,débil,1.5,11,2026-07-26
UnderwoodHomes,https://www.youtube.com/@UnderwoodHomes,0.0539,0.054,0,1,0.3,11,KORIX TECH,831,Man Builds a Luxury Villa in the Wilderness in 18 Months! | From Start to Finish by @UnderwoodHomes,débil,0.3,11,2026-05-04
LyTieuToan,https://www.youtube.com/@LyTieuToan,0.0539,0.054,0,1,0.7,11,Quantam Tech HD,24,Young Woman Builds DIY CABIN with SWIMMING POOL - Start to Finish by @LyTieuToan,débil,0.7,11,2025-04-09
JanCampLife,https://www.youtube.com/@JanCampLife,0.0501,0.05,0,1,0.1,4971,MrS,19100,Master in building unique shelters | @JanCampLife,débil,0.1,4971,2024-12-29
bushcraftandnature,https://www.youtube.com/@bushcraftandnature,0.0501,0.05,0,1,0.1,576,Wood & Steel Craft,850,Handcrafting a Bamboo River Sanctuary for My Rabbit | from beginning to end by @bushcraftandnature,débil,0.1,576,2026-07-22
NATRA2021,https://www.youtube.com/@NATRA2021,0.0501,0.05,0,1,0.1,214,Professional Skills,12900,Amazing Restoration of a Sewing Machine |From Rust to Glory |Journey of Transformation by @NATRA2021,débil,0.1,214,2025-08-08
CleanUpFreeTeam,https://www.youtube.com/@CleanUpFreeTeam,0.0487,0.049,0,1,0.6,10,Quantam Tech HD,24,Young Woman Finds Her CHILDHOOD HOME Abandoned - Team Cleans It for FREE! By @CleanUpFreeTeam,débil,0.6,10,2025-02-20
havgs1701,https://www.youtube.com/@havgs1701,0.0487,0.049,0,2,1.1,10,Nova Builds HD,2,A Man Builds His Dream Wilderness Cabin Using Only Logs and Stone | by @havgs1701,débil,1.1,10,2026-06-28
Life-in-Wild1,https://www.youtube.com/@Life-in-Wild1,0.0449,0.045,0,1,0.6,9,The Builder's Stage,7,Surviving and Building a Secret Cabin in the Woods | by @Life-in-Wild1,débil,0.6,9,2026-06-17
apaodailylife,https://www.youtube.com/@apaodailylife,0.0449,0.045,0,1,0.9,9,Nova Builds HD,2,From Empty Forest to Fire-Lit Stone Cabin by Hand | by @apaodailylife,débil,0.9,9,2026-06-20
MrHoaBushcraft,https://www.youtube.com/@MrHoaBushcraft,0.0403,0.04,0,1,0.0,4772,Machine stage,2780000,This man is building a top-secret bunker among massive rocks! @MrHoaBushcraft,débil,0.0,4772,2026-03-20
TravelersTale,https://www.youtube.com/@TravelersTale,0.0403,0.04,0,1,0.0,3860,MrS,19100,Build a bunker to stay in the freezing snow and ice. | @TravelersTale,débil,0.0,3860,2025-01-21
ARIA,https://www.youtube.com/@ARIA,0.0403,0.04,0,1,0.0,324,Cabin In the Woods,5280,The Man Built Incredible DIY Shelter Under the Giant Stone: | Start To Finish By @ARIA BUSHCRAFT,débil,0.0,324,2025-04-27
DennisKoburge,https://www.youtube.com/@DennisKoburge,0.0403,0.04,0,1,0.0,83,Car Test Channel,62800,Couple Builds Their Dream Home Inside a Truck 🚛❤️ ‪(by @DennisKoburge‬r),débil,0.0,83,2025-09-14
Camtrairuwnggia,https://www.youtube.com/@Camtrairuwnggia,0.0403,0.04,0,1,0.0,17,Maexology,1970,Man Builds Bamboo Bushcraft in the Forest | Start to Finish by @Camtrairuwnggia,débil,0.0,17,2026-04-28
restorediy,https://www.youtube.com/@restorediy,0.0378,0.038,0,1,1.6,8,Aether Labs Tech,5,Turning Scrap Metal Into a Shiny Airgun  | Start to Finish by @restorediy,débil,1.6,8,2025-09-14
CampfireStories-d3t,https://www.youtube.com/@CampfireStories-d3t,0.0378,0.038,0,1,0.2,8,Mr.RESTORIX,2,Man Builds Secret Shelter Carved Into the Hillside | Start to Finish by @CampfireStories-d3t,débil,0.2,8,2025-11-28
seyyarhane,https://www.youtube.com/@seyyarhane,0.0316,0.032,0,1,0.0,30411,TechFreeze,3220000,Couple Build Stunning Caravan Home on an Empty Truck Chassis | Full Transformation @seyyarhane ​,débil,0.0,30411,2026-06-23
bodhibus,https://www.youtube.com/@bodhibus,0.0316,0.032,0,1,0.0,20714,AKLA GELEN,1090000,Two Men Turns a Utility Trailer into a Mobile Home Studio in 9 Minutes - TIMELAPSE @bodhibus,débil,0.0,20714,2026-06-23
RJLgardens,https://www.youtube.com/@RJLgardens,0.0316,0.032,0,1,0.0,2775,MrS,19100,Sculpting Nature's Beauty. A Gardener’s Journey of Precision and Passion: @RJLgardens,débil,0.0,2775,2024-12-23
yangsurvival,https://www.youtube.com/@yangsurvival,0.0316,0.032,0,1,1.4,7,Aether Labs Tech,5,A Young Woman Builds a Stunning Bamboo House | Start to Finish by @yangsurvival,débil,1.4,7,2025-08-25
WildBeauty-OffGrid,https://www.youtube.com/@WildBeauty-OffGrid,0.0316,0.032,0,1,0.9,7,Change of house,0,Woman Transforms BAMBOO FOREST into DREAM CABIN | Built in 2 Months | By @WildBeauty-OffGrid,débil,0.9,7,2025-11-15
Worksandmechanic,https://www.youtube.com/@Worksandmechanic,0.0316,0.032,0,1,0.4,7,Quantam Tech HD,24,Man Buys Old Ruin and Renovates it into Amazing Tiny HOUSE | Start to Finish by@Worksandmechanic,débil,0.4,7,2025-02-03
lambinhTuoitre,https://www.youtube.com/@lambinhTuoitre,0.0275,0.027,0,1,0.5,6,Creative Workshop DIY HD,50,1000-Year Tree Hollowed! Handmade Invisible Shelter | by @lambinhTuoitre,débil,0.5,6,2026-04-24
SecretRoomsPOV,https://www.youtube.com/@SecretRoomsPOV,0.0275,0.027,0,1,0.2,6,The Maker World,78,Wilderness Hideout 🌲 @SecretRoomsPOV,débil,0.2,6,2026-04-17
Hadioutdooradventures,https://www.youtube.com/@Hadioutdooradventures,0.021,0.021,0,1,4.0,4,ArtisTech,4,Facing Nature's Fury: Building a Stone Wall to Brave the Wild Alone | By @Hadioutdooradventures,débil,4.0,4,2024-12-11
amazingthingtechnology1595,https://www.youtube.com/@amazingthingtechnology1595,0.021,0.021,0,1,0.8,4,Aether Labs Tech,5,INSANE Aluminum Recycling — Watch Scrap Metal Turn Into Massive Pots!@amazingthingtechnology1595,débil,0.8,4,2025-10-13
AwesomeWoodcraft,https://www.youtube.com/@AwesomeWoodcraft,0.021,0.021,0,1,0.8,4,Aether Labs Tech,5,Watch a Wooden Truck Come to Life | @AwesomeWoodcraft,débil,0.8,4,2025-09-08
ibuilding7,https://www.youtube.com/@ibuilding7,0.0163,0.016,0,1,0.2,3,CONSTRUCTION OF SURVIVITY ,1,"How to build a traditional, inexpensive wooden house from start to finish by @ibuilding7",débil,0.2,3,2026-06-18
ThisOldJalopy,https://www.youtube.com/@ThisOldJalopy,0.0136,0.014,0,1,0.0,16154,Makerium,320000,Man Turns an Old Car Into Electric Vehicle | Start to Finish by @ThisOldJalopy,débil,0.0,16154,2026-07-15
ytmmytmm,https://www.youtube.com/@ytmmytmm,0.0136,0.014,0,1,0.0,1763,BRAIN TIME VT,33700,"Man bought a mountain villa for $5,000 and renovated it into his dream home | @ytmmytmm",débil,0.0,1763,2026-03-12
MiniHouseDIY,https://www.youtube.com/@MiniHouseDIY,0.0136,0.014,0,1,0.0,1092,Maker World,19200,Man Builds 2-Floor Building With Mini Bricks | Small-Scale DIY @MiniHouseDIY,débil,0.0,1092,2025-11-13
2apples,https://www.youtube.com/@2apples,0.0136,0.014,0,1,0.0,779,CryptoThor,32900,​I Built a Luxury Container House for My Grandparents! by @2apples ​,débil,0.0,779,2026-05-22
IslamShirinov-fh9eh,https://www.youtube.com/@IslamShirinov-fh9eh,0.0136,0.014,0,1,0.0,151,Cabin In the Woods,5280,Man's Journey: Building 3 Survival Shelters in the Wilderness | By@IslamShirinov-fh9eh,débil,0.0,151,2025-05-09
skbushcraft,https://www.youtube.com/@skbushcraft,0.0136,0.014,0,1,0.0,90,Professional Skills,12900,From Tree to Home | Creative Bushcraft Skills in Action | Wooden Shelter design by @skbushcraft,débil,0.0,90,2025-06-26
AsianProcessX,https://www.youtube.com/@AsianProcessX,0.0136,0.014,0,1,0.0,60,Professional Skills,12900,From Waste Metal to Truck Axle 😱 Full Industrial Process Explained @AsianProcessX ,débil,0.0,60,2026-04-08
KENAN,https://www.youtube.com/@KENAN,0.0136,0.014,0,1,0.0,49,Cabin In the Woods,5280,From Scrap Bus to Dream House – A Free Man’s Journey | Start to Finish by @KENAN ÇINAR,débil,0.0,49,2025-10-18
GordeevaHike,https://www.youtube.com/@GordeevaHike,0.0136,0.014,0,1,0.0,11,H2 EcoTech,183,Solo Woman Builds a Survival Hut in the Wilderness @GordeevaHike,débil,0.0,11,2025-02-15
RedRustRestoration,https://www.youtube.com/@RedRustRestoration,0.0136,0.014,0,1,0.0,6,H2 EcoTech,183,Reviving Classic Kerosene Stoves – From Rust to Radiance @RedRustRestoration,débil,0.0,6,2025-02-19
CraigNakamotoConstruction,https://www.youtube.com/@CraigNakamotoConstruction,0.012,0.012,0,1,0.1,2,Quantam Tech HD,24,TIMELAPSE - Man Builds a STUNNING CABIN in the Wilderness - by @CraigNakamotoConstruction,débil,0.1,2,2025-02-24
MRWoodworking68,https://www.youtube.com/@MRWoodworking68,0.0049,0.005,0,1,0.2,1,Aether Labs Tech,5,“DIY Epoxy Flower Table — Watch This Before You Build Yours!” @MRWoodworking68,débil,0.2,1,2025-10-25
master4life,https://www.youtube.com/@master4life,0.0049,0.005,0,1,0.0,0,Quantam Tech HD,24,@master4life #shortvideos #trendingshorts #ytshorts #trendingvideo #trending #youtube #like #love,débil,0.0,0,2025-02-23
MOUNTAINLIFESTYLE,https://www.youtube.com/@MOUNTAINLIFESTYLE,0.0049,0.005,0,1,0.0,0,Project Redline,1,30 Days Building a Stunning Wooden House Under a Giant Tree | by @MOUNTAINLIFESTYLE,débil,0.0,0,2026-06-24
thanhtrieutv6231,https://www.youtube.com/@thanhtrieutv6231,0.0049,0.005,0,1,0.0,0,Olivia Hunt,0,3 Years Alone: Building an Off-Grid Jungle Cabin & Hydropower | by @thanhtrieutv6231,débil,0.0,0,2026-07-22
AHeartLikeDavids,https://www.youtube.com/@AHeartLikeDavids,0.0049,0.005,0,1,0.0,0,Olivia Hunt,0,From Deep Snow to a Permanent Stone Hearth | by @AHeartLikeDavids,débil,0.0,0,2026-07-30
StudPack,https://www.youtube.com/@StudPack,0.0049,0.005,0,1,0.0,0,Endresz Bist,5,Transforming a Muddy Lot into a High-End Home | by @StudPack,débil,0.0,0,2026-08-07
Primitivesurvivalcraft,https://www.youtube.com/@Primitivesurvivalcraft,0.0049,0.005,0,1,0.0,0,Nova Builds HD,2,Carving a Permanent Cliff House From Solid Red Clay | by @Primitivesurvivalcraft,débil,0.0,0,2026-08-04
