creator,url,status,p_next,why,creator_subs,creator_views_per_video,qm_videos,qm_best_outlier,qm_best_views,qm_best_title,distributors,dist_best_outlier,dist_best_reach,dist_best_channel,confirmations
JerryRigEverything,https://www.youtube.com/@JerryRigEverything,sin_explorar,0.6847,sin explorar — predicción del modelo,10000000,1898347,0,0,0,,2,220.7,3244480,Not Fake: fyp,0
marusya_outdoors,https://www.youtube.com/@marusya_outdoors,sin_explorar,0.6796,sin explorar — predicción del modelo,20600000,72026042,0,0,0,,1,4.0,7951,Clean & Restore Tech,0
Carpenter_AnXu,https://www.youtube.com/@Carpenter_AnXu,sin_explorar,0.6477,sin explorar — predicción del modelo,965000,3268312,0,0,0,,12,405.9,1972111,22TechZoom,3
manmadecrafts,https://www.youtube.com/@manmadecrafts,sin_explorar,0.6324,sin explorar — predicción del modelo,1300000,3989777,0,0,0,,1,227.3,456332,Clean & Restore Tech,0
TheModernHomeProject,https://www.youtube.com/@TheModernHomeProject,sin_explorar,0.6117,sin explorar — predicción del modelo,402000,2451196,0,0,0,,6,328.1,1022764,Quantum Builders,0
PrimitiveTechnologyIdea,https://www.youtube.com/@PrimitiveTechnologyIdea,sin_explorar,0.6011,sin explorar — predicción del modelo,6500000,5930560,0,0,0,,3,8.4,11003,SwiftBuild,0
papatechnologies,https://www.youtube.com/@papatechnologies,sin_explorar,0.5986,sin explorar — predicción del modelo,1140000,7368057,0,0,0,,3,4.1,45996,Wood & Steel Craft,0
ThisIsMyAlaska,https://www.youtube.com/@ThisIsMyAlaska,sin_explorar,0.5933,sin explorar — predicción del modelo,371000,1216981,0,0,0,,22,75.1,1103396,Not Fake: fyp,8
OffGridLife,https://www.youtube.com/@OffGridLife,sin_explorar,0.5933,sin explorar — predicción del modelo,2540000,1542628,0,0,0,,2,3.6,851326,Makers TV,0
mwigmedia,https://www.youtube.com/@mwigmedia,probado_ok,0.58,ya os funcionó — su catálogo es mina,1370000,2675972,14,26.33,79016297,Man Builds DIY ANTI-RAIN Motorcycle | Start to Finish by @mwigmedia,5,10.7,182,Quantam Tech HD,0
freefootsteps877,https://www.youtube.com/@freefootsteps877,probado_ok,0.58,ya os funcionó — su catálogo es mina,800000,659658,3,22.51,67539599,Talented Woman Builds Modern Lake House with Bridge From Scratch | @freefootsteps877,3,62.1,2979,Survival Skills,0
AsianBushcraftHomie,https://www.youtube.com/@AsianBushcraftHomie,probado_ok,0.58,ya os funcionó — su catálogo es mina,102000,130989,1,22.33,66999233,He Left Civilization to Build a Floating Self-Sustaining Island | by @AsianBushcraftHomie,7,5.0,35931,KLIFS TECH,0
bushcraftua1,https://www.youtube.com/@bushcraftua1,probado_ok,0.58,ya os funcionó — su catálogo es mina,36800,20908,2,21.82,65470675,Man Builds 2-Room Log CABIN Underground | Start to Finish by @bushcraftua1,19,3.1,2507149,AKLA GELEN,1
RamyRC,https://www.youtube.com/@RamyRC,probado_ok,0.58,ya os funcionó — su catálogo es mina,1210000,1135938,5,17.92,53782284,Man Builds Hyperrealistic RC Plane at Scale | Airbus A350 Replica by @RamyRC,6,15.2,153566,Quantum Build Studio,1
murattuncer,https://www.youtube.com/@murattuncer,probado_ok,0.58,ya os funcionó — su catálogo es mina,181000,1265204,6,16.96,50898938,Man Builds Amazing DIY CAMPERVAN | Start to Finish Conversion by @murattuncer,9,55.2,203247,Namtum Makers,1
7Asian,https://www.youtube.com/@7Asian,probado_ok,0.58,ya os funcionó — su catálogo es mina,,,1,16.82,50479532,Man Builds a SELF-SUFFICIENT Floating Bamboo Island  (Solo!) | @7Asian,0,,,,0
LiveWithCreativity,https://www.youtube.com/@LiveWithCreativity,probado_ok,0.58,ya os funcionó — su catálogo es mina,911000,3540838,2,15.59,46795895,Man Restores 40-Years-Old Classic Motorcycle Back to New | Start to Finish by @LiveWithCreativity,3,1.6,3236,Clean & Restore Tech,0
DmitryLukinDIY,https://www.youtube.com/@DmitryLukinDIY,probado_ok,0.58,ya os funcionó — su catálogo es mina,149000,457621,3,15.52,46565586,Man Builds AMAZING House ALONE in ONLY 500 Days | Start to Finish by @DmitryLukinDIY,25,24.9,3081742,Machine stage,4
OutbackMike,https://www.youtube.com/@OutbackMike,probado_ok,0.58,ya os funcionó — su catálogo es mina,106000,183642,2,15.21,45660516,Man Turns Massive Log into Amazing CANOE | Start to Finish Build by @OutbackMike,14,18.3,552703,Lord Gizmo,2
Satisfyingtech116,https://www.youtube.com/@Satisfyingtech116,probado_ok,0.58,ya os funcionó — su catálogo es mina,224000,1479696,2,13.33,40009337,This Is How The World's Strongest Anchor Chains Are Made | by @Satisfyingtech116,0,,,,0
MrHewes,https://www.youtube.com/@MrHewes,probado_ok,0.58,ya os funcionó — su catálogo es mina,506000,368509,1,13.32,39971801,Men Fully Restore the BIGGEST GUN TANK IN THE WORLD | FV4005 Start to Finish @MrHewes,1,3.2,156,Epic Explore World,0
mikesdreambuilds,https://www.youtube.com/@mikesdreambuilds,probado_ok,0.58,ya os funcionó — su catálogo es mina,59200,21426,1,13.23,39705293,Couple Transforms $1.5M Burned Mansion Into a Luxury Dream Home | @mikesdreambuilds,4,2.3,2396138,TechFreeze,0
WildNovels,https://www.youtube.com/@WildNovels,probado_ok,0.58,ya os funcionó — su catálogo es mina,448000,736099,1,13.04,39133249,Woman Builds Off-Grid Villa in the Mountains in 210 Days | Start to Finish by @WildNovels,1,0.4,32,Hidden Cabin ,0
lesnoy_craft8607,https://www.youtube.com/@lesnoy_craft8607,probado_ok,0.58,ya os funcionó — su catálogo es mina,464000,755804,7,12.78,38362956,Man Builds a House with ABANDONED PALLETS in the Middle of the Forest | by @lesnoy_craft8607,21,3.5,824755,BRAIN TIME VT,2
tehnolexa,https://www.youtube.com/@tehnolexa,probado_ok,0.58,ya os funcionó — su catálogo es mina,155000,173732,1,12.42,37262751,Man Builds Secret Underground BUNKER in his Backyard | by @tehnolexa,2,1.0,3145,Quantum Builders,0
BDCleanup,https://www.youtube.com/@BDCleanup,probado_ok,0.58,ya os funcionó — su catálogo es mina,140000,27418,2,12.37,37108266,Cleaning the MOST POLLUTED COUNTRY in the WORLD by @BDCleanup,0,,,,0
Fabricatusueno,https://www.youtube.com/@Fabricatusueno,probado_ok,0.58,ya os funcionó — su catálogo es mina,158000,48198,3,12.28,36850722,Man Builds Amazing DIY Container Home with a Rooftop Terrace  | Low-Cost Housing @Fabricatusueno,8,4.1,508730,Machine stage,0
Mr_Ho,https://www.youtube.com/@Mr_Ho,probado_ok,0.58,ya os funcionó — su catálogo es mina,1430000,2655453,1,12.16,36500272,Man Builds DIY UFO BOAT from Scratch | Start to Finish by @Mr_Ho,26,8.8,9109816,TechFreeze,2
MrZhangsDetailing,https://www.youtube.com/@MrZhangsDetailing,probado_ok,0.58,ya os funcionó — su catálogo es mina,166000,654182,2,12.16,36490515,"Man Buys 4 FLOODED CARS for $2,150 and RESTORES them Back to New | by @MrZhangsDetailing",1,1.0,13,Creative Workshop DIY HD,0
trucks_channel_razborgruz,https://www.youtube.com/@trucks_channel_razborgruz,probado_ok,0.58,ya os funcionó — su catálogo es mina,560000,406984,3,12.12,36371907,Man Fully Assembles Mercedes TRUCK ENGINE Perfectly | Start to Finish by @trucks_channel_razborgruz,2,177.8,411359,Techno Fusion HD,0
DIY-Garage,https://www.youtube.com/@DIY-Garage,probado_ok,0.58,ya os funcionó — su catálogo es mina,2250000,15690481,1,11.67,35017078,Man Builds Tiny Houses with Mini Bricks | DIY Constructions by @DIY-Garage,0,,,,0
BendheimBoards,https://www.youtube.com/@BendheimBoards,probado_ok,0.58,ya os funcionó — su catálogo es mina,1320000,3500526,2,10.65,31971172,Man Builds Amazing DIY Container Workshop | Start to Finish by @BendheimBoards,5,1.1,16806,Not Fake: fyp,0
rcactionhomemade,https://www.youtube.com/@rcactionhomemade,probado_ok,0.58,ya os funcionó — su catálogo es mina,544000,668146,1,10.39,31174631,Man Builds Hydraulic RC Crane at Scale | Start to Finish by @rcactionhomemade,2,0.6,630380,Makerium,0
chateaudutheil,https://www.youtube.com/@chateaudutheil,probado_ok,0.58,ya os funcionó — su catálogo es mina,130000,160118,1,9.91,29725940,How Two Friends Turned Abandoned CASTLE into a 4☆HOTEL  | by @chateaudutheil,2,10.9,650166,MAKERS HD,1
DonnDIY,https://www.youtube.com/@DonnDIY,probado_ok,0.58,ya os funcionó — su catálogo es mina,958000,1070806,3,9.76,29280037,Man Spends 1000 Hours Building All-Terrain Vehicle From Old Car Parts! by @DonnDIY,0,,,,0
DesignsbyDonnie,https://www.youtube.com/@DesignsbyDonnie,probado_ok,0.58,ya os funcionó — su catálogo es mina,151000,129614,1,9.63,28902498,"Man Transforms His Backyard with DIY and Saves Over $70,000 | Start to Finish by @DesignsbyDonnie",3,3.0,696487,Makers TV,0
VangHà,https://www.youtube.com/@VangHà,probado_ok,0.58,ya os funcionó — su catálogo es mina,824000,1894025,1,9.4,28217914,Man Builds Miniature RC Excavator Using Only PVC | by @VangHà,0,,,,0
CleanTheOldHouse,https://www.youtube.com/@CleanTheOldHouse,probado_ok,0.58,ya os funcionó — su catálogo es mina,167000,167175,5,9.25,27752357,Three Men Clean 70-Year-Old Buried House and Give It a Second Life for Free | by @Cleantheoldhouse,3,0.4,865,Techno Fusion HD,0
LýPhúcVy,https://www.youtube.com/@LýPhúcVy,probado_ok,0.58,ya os funcionó — su catálogo es mina,103000,181947,1,9.24,27732342,Woman Builds Dream Home in the Jungle in 90 Days | Start to Finish by @LýPhúcVy,2,3.2,154,Survival Skills,0
mybushcraftnhat6368,https://www.youtube.com/@mybushcraftnhat6368,probado_ok,0.58,ya os funcionó — su catálogo es mina,238000,217351,1,8.63,25909496,From an Abandoned House to Off-Grid Villa in 120 Days | Start to Finish by @mybushcraftnhat6368,0,,,,0
cleanupfree2t970,https://www.youtube.com/@cleanupfree2t970,probado_ok,0.58,ya os funcionó — su catálogo es mina,69800,259346,2,8.56,25694073,Two Men Transform Abandoned House and Give it a Second Life for Free! by @cleanupfree2t970,3,43.4,4257,Renovation Rescue HD,0
NHTcreation,https://www.youtube.com/@NHTcreation,probado_ok,0.58,ya os funcionó — su catálogo es mina,45300,120267,2,8.21,24652630,Man Builds Miniature RC TRUCK Using Only PVC | Start to Finish by @NHTcreation,0,,,,0
lesnoy,https://www.youtube.com/@lesnoy,probado_ok,0.58,ya os funcionó — su catálogo es mina,861000,1268128,12,8.12,24360697,Man Builds a House with ABANDONED PALLETS in the Middle of the Forest | by @lesnoy,15,2.2,2242273,TechFreeze,1
YiZhizhu,https://www.youtube.com/@YiZhizhu,probado_ok,0.58,ya os funcionó — su catálogo es mina,127000,3497264,1,8.06,24185807,Man Turns DEAD Animals Into Mind Blowing ROBOTS | Cyborg Beetle & Lobster by @YiZhizhu,2,2.6,5330,Clean & Restore Tech,0
bogdanintheforest4382,https://www.youtube.com/@bogdanintheforest4382,probado_ok,0.58,ya os funcionó — su catálogo es mina,316000,881608,2,7.98,23959957,Man Builds House with STONES and LOGS in the Forest | by @bogdanintheforest4382,8,1.1,9750,Buildora,0
BROTHER_WOOD_08,https://www.youtube.com/@BROTHER_WOOD_08,probado_ok,0.58,ya os funcionó — su catálogo es mina,86300,397293,1,7.71,23148565,Man Builds Incredible OFF-GRID SHELTERS Alone Through Rain & Snow | Bushcraft by @BROTHER_WOOD_08,0,,,,0
LifeInTheSiberianForest1,https://www.youtube.com/@LifeInTheSiberianForest1,probado_ok,0.58,ya os funcionó — su catálogo es mina,234000,292145,5,7.66,22979250,Two Men Build HUGE CABIN Underground | Start to Finish by @lifeinthesiberianforest1,5,18.3,268967,Not Fake: fyp,1
PLAHOUSE-CONTAINER,https://www.youtube.com/@PLAHOUSE-CONTAINER,probado_ok,0.58,ya os funcionó — su catálogo es mina,163000,74596,1,7.34,22023487,Man Builds Amazing DIY Container Home with Foldable Terrace | Low-Cost Housing @PLAHOUSE-CONTAINER,1,0.7,752840,TechFreeze,0
Dodoan123,https://www.youtube.com/@Dodoan123,probado_ok,0.58,ya os funcionó — su catálogo es mina,14100,141505,3,6.91,20723139,Man Builds Amazing Full-Size HELICOPTER | Start to Finish DIY by @Dodoan123,3,1.0,791,DIY UNIQUE CREATIONS,0
DashingAxe,https://www.youtube.com/@DashingAxe,probado_ok,0.58,ya os funcionó — su catálogo es mina,593000,208139,5,6.8,20408920,Men Build Custom BUGATTI Using 3 Old Cars | Start to Finish by @DashingAxe,5,171.0,218363,Rebuilding HD,0
mr.construction9846,https://www.youtube.com/@mr.construction9846,probado_ok,0.58,ya os funcionó — su catálogo es mina,193000,553611,1,6.67,20008563,Ingenious DIY Hydroelectric Turbine Systems | Free Energy by @mr.construction9846,0,,,,0
SailingMelody,https://www.youtube.com/@SailingMelody,probado_ok,0.58,ya os funcionó — su catálogo es mina,70200,51143,1,6.61,19846267,Family Buys $2500 Old YACHT and Renovates it Back to New | Start to Finish by @SailingMelody,0,,,,0
buildersblueprint,https://www.youtube.com/@buildersblueprint,probado_ok,0.58,ya os funcionó — su catálogo es mina,459000,263886,8,6.4,19217950,Man Fully Transforms His Backyard with DIY | Start to Finish by @buildersblueprint,20,128.1,1671528,TTI Build Stories ,5
RuslaninTheWoods,https://www.youtube.com/@RuslaninTheWoods,probado_ok,0.58,ya os funcionó — su catálogo es mina,58700,274387,4,6.13,18407328,Man Builds HIDDEN LOG CABIN to Survive Wild Animals | by @RuslaninTheWoods,6,1.0,638971,TK Maker,0
Ericlecarreleur,https://www.youtube.com/@Ericlecarreleur,probado_ok,0.58,ya os funcionó — su catálogo es mina,254000,137176,1,6.13,18386342,Man Builds Stunning SWIMMING POOL In His Backyard | Start To Finish By @EricLeCarreleur,3,3.7,2244,HITECH,0
Vasyl54,https://www.youtube.com/@Vasyl54,probado_ok,0.58,ya os funcionó — su catálogo es mina,93000,2916375,1,6.1,18312974,Experts Rescue WW2 Tank From a River | Will a WW2 Tank Run? by @Vasyl54,0,,,,0
osbushcraft,https://www.youtube.com/@osbushcraft,probado_ok,0.58,ya os funcionó — su catálogo es mina,181000,801945,1,6.1,18304748,Survival Expert Builds 4 Amazing Shelters in the Forest | Start to Finish @osbushcraft,1,0.7,71,Hillside Builder,0
RescueRestore,https://www.youtube.com/@RescueRestore,probado_ok,0.58,ya os funcionó — su catálogo es mina,2090000,10045360,1,5.86,17598197,Man Restores 1870s Candy Machine Back To Life | FULL ASMR By @RescueRestore,0,,,,0
RRBuildings,https://www.youtube.com/@RRBuildings,probado_ok,0.58,ya os funcionó — su catálogo es mina,1850000,1096267,1,5.75,17256905,"Two Men Build MASSIVE $750,000 Barndominium in ONLY 1 Year | Start to Finish by  @RRBuildings",9,17.8,989867,CabinCraft,2
guvencsyn,https://www.youtube.com/@guvencsyn,probado_ok,0.58,ya os funcionó — su catálogo es mina,29600,42677,2,5.59,16773325,Man Turns BUS into Amazing MOBILE HOME with Rooftop Terrace | Start to Finish by @guvencsyn,0,,,,0
patricktlee,https://www.youtube.com/@patricktlee,probado_ok,0.58,ya os funcionó — su catálogo es mina,8630,29190,2,5.33,15995929,Man Builds Amazing Swimming Pool in His Backyard | Start to Finish Construction by @patricktlee,1,0.1,77,Rebuilding HD,0
haisupercar,https://www.youtube.com/@haisupercar,probado_ok,0.58,ya os funcionó — su catálogo es mina,74800,20682,3,5.27,15825659,Man Builds Amazing LAMBORGHINI From Scratch in 10 Months | Start to Finish by @haisupercar,5,1.2,4331,Namtum Makers,0
specialideas,https://www.youtube.com/@specialideas,probado_ok,0.58,ya os funcionó — su catálogo es mina,537000,1174154,2,5.2,15609525,Handyman Tips and Hacks That Work Extremely Well | by @specialideas,0,,,,0
Worzalla_Brothers,https://www.youtube.com/@Worzalla_Brothers,probado_ok,0.58,ya os funcionó — su catálogo es mina,284000,524027,1,5.16,15489020,How Two Brothers Turned 100-Year Abandoned SILO Into a Luxury Family Space | @Worzalla_Brothers,16,86.0,7605353,Maker World,1
miracleprocess,https://www.youtube.com/@miracleprocess,probado_ok,0.58,ya os funcionó — su catálogo es mina,320000,627797,1,5.1,15313332,China's Top 5 Manufacturing and Mass Production Videos | by @miracleprocess,0,,,,0
kotascalemodel,https://www.youtube.com/@kotascalemodel,probado_ok,0.58,ya os funcionó — su catálogo es mina,230000,474830,1,4.81,14443651,Man Builds Hyperrealistic Racing MOTORCYCLE at Scale | Yamaha Replica by  @kotascalemodel,0,,,,0
Nasatchannel,https://www.youtube.com/@Nasatchannel,probado_ok,0.58,ya os funcionó — su catálogo es mina,667000,1482743,3,4.81,14427874,Man Finds Abandoned Boat and Renovates it Back to New | Start to Finish Rebuild by  @Nasatchannel,7,39.9,1201490,Lord Gizmo,1
OUROBOROS-ARQ192,https://www.youtube.com/@OUROBOROS-ARQ192,probado_ok,0.58,ya os funcionó — su catálogo es mina,3070000,2276845,3,4.63,13899491,Man Builds 5-Floor Building With Mini Bricks | Small-Scale DIY @OUROBOROS-ARQ192,0,,,,0
rampewild,https://www.youtube.com/@rampewild,probado_ok,0.58,ya os funcionó — su catálogo es mina,17,54,5,4.44,13312247,Man Makes Mindblowing Fishing Traps & Amazing Fishing Techniques | by @rampewild.,2,1.0,32,ULTIMATE BUILD LAD DIY,0
MontanaHaven,https://www.youtube.com/@MontanaHaven,probado_ok,0.58,ya os funcionó — su catálogo es mina,96400,37546,3,4.41,13233738,Family of 7 Builds Amazing LOG HOUSE in Alaska in 2 Years | Start to Finish by @MontanaHaven,14,40.9,272510,Smart Fox,3
GanggeGarega2,https://www.youtube.com/@GanggeGarega2,probado_ok,0.58,ya os funcionó — su catálogo es mina,326,2701,2,4.4,13215630,Man Buys Flooded Car and RESTORES It Back to New | Start to Finish @GanggeGarega2,0,,,,0
marcetsandy,https://www.youtube.com/@marcetsandy,probado_ok,0.58,ya os funcionó — su catálogo es mina,29200,28977,2,4.38,13140612,Couple Spends 240 Days Renovating Old House Back to New | Start to Finish by @marcetsandy,1,0.1,330,WoodCraft Empire,0
CleanupMowing,https://www.youtube.com/@CleanupMowing,probado_ok,0.58,ya os funcionó — su catálogo es mina,136000,457407,2,4.31,12935569,No One Believed There Was a Sidewalk... Until They Revealed a Massive Hidden Path | @CleanupMowing,1,2.9,50,Quantam Tech HD,0
WoodworkingProducts,https://www.youtube.com/@WoodworkingProducts,probado_ok,0.58,ya os funcionó — su catálogo es mina,330000,162241,1,4.29,12888180,Woodturner Transforms MASSIVE Redwood Log into a MASTERPIECE | by @WoodworkingProducts,0,,,,0
HalfassKustoms,https://www.youtube.com/@HalfassKustoms,probado_ok,0.58,ya os funcionó — su catálogo es mina,185000,81675,3,4.21,12634368,Man Transforms JUNKYARD Pickup Into A LUXURY Roadster | 1949 GMC Pickup By @HalfassKustoms,3,4.8,1406,Explore Creators ,0
outdoorlifeandcraft,https://www.youtube.com/@outdoorlifeandcraft,probado_ok,0.58,ya os funcionó — su catálogo es mina,697000,819089,3,4.15,12451462,Man Builds Secret Underground CABIN in the Forest | Start to Finish by @outdoorlifeandcraft,4,3.4,4427,SwiftBuild,0
LeandroGoretta,https://www.youtube.com/@LeandroGoretta,probado_ok,0.58,ya os funcionó — su catálogo es mina,322000,775821,2,3.93,11797094,Man Turns Rusty Leaf Spring into Amazing KNIFE | Kukri Knife Start to Finish @LeandroGoretta,2,1.1,107,Making Process,0
Outdoor_builder,https://www.youtube.com/@Outdoor_builder,probado_ok,0.58,ya os funcionó — su catálogo es mina,211000,803239,1,3.8,11403074,Man Builds Hidden UNDER-ROCK Home in the Forest | Start to Finish by @Outdoor_builder,5,0.4,717,Clean & Restore Tech,0
himalayanhoney,https://www.youtube.com/@himalayanhoney,probado_ok,0.58,ya os funcionó — su catálogo es mina,2250,10135,1,3.79,11379647,How Men Climb The Himalayas for Hallucinogenic Mad Honey | by @himalayanhoney,0,,,,0
99Projects,https://www.youtube.com/@99Projects,probado_ok,0.58,ya os funcionó — su catálogo es mina,415000,349818,1,3.78,11347207,Man Buys 100-Year-Old RUINED HOUSE and Renovates it Back to New | Start to Finish by @99Projects,0,,,,0
PolissyaBushcraft,https://www.youtube.com/@PolissyaBushcraft,probado_ok,0.58,ya os funcionó — su catálogo es mina,1260000,6122624,5,3.67,11016674,Man Builds the Most Secret Cabin in The World | by @PolissyaBushcraft,6,951.9,1250851,SwiftBuild,0
LeChantierdesMax,https://www.youtube.com/@LeChantierdesMax,probado_ok,0.58,ya os funcionó — su catálogo es mina,139000,88477,2,3.66,10989696,They Built Their Own HOUSE in 2 YEARS | Full Construction by @LeChantierdesMax,5,8.8,780060,Maker World,2
my_off-grid_story,https://www.youtube.com/@my_off-grid_story,probado_ok,0.58,ya os funcionó — su catálogo es mina,7520,56682,2,3.59,10759564,Man Builds Amazing Tiny House in Just 9 Months | Start to Finish Construction by @my_off-grid_story,12,24.0,160095,Smart Fox,3
Life_in_Vietnam,https://www.youtube.com/@Life_in_Vietnam,probado_ok,0.58,ya os funcionó — su catálogo es mina,88200,104784,1,3.43,10291505,Men Revive a 10-Year-Old Abandoned Farm in Just 150 Days | Start to Finish by @Life_in_Vietnam,1,7.1,120,Quantam Tech HD,0
clayhayeshunter,https://www.youtube.com/@clayhayeshunter,probado_ok,0.58,ya os funcionó — su catálogo es mina,979000,380694,2,3.4,10217930,Man Makes the BEST Survival Bow Using Only Two Wood Branches | ASMR by @clayhayeshunter,0,,,,0
ExodeRenovation,https://www.youtube.com/@ExodeRenovation,probado_ok,0.58,ya os funcionó — su catálogo es mina,,,1,3.4,10211666,Family Buys MASSIVE Old House and Renovates it Back to New in 2 Years by @ExodeRenovation,0,,,,0
alangomezcraft,https://www.youtube.com/@alangomezcraft,probado_ok,0.58,ya os funcionó — su catálogo es mina,25900,164622,1,3.38,10143083,Man Builds Real-Life SHIPS at Scale to the Last Detail | Hyperrealistic Replicas by @alangomezcraft,2,2.4,70,The Building Zone,0
Hoa-Mechanical,https://www.youtube.com/@Hoa-Mechanical,probado_ok,0.58,ya os funcionó — su catálogo es mina,390000,450198,1,3.34,10011335,Young Woman Turns ABANDONED BUS into a CAFE on Wheels | Start To Finish By @Hoa-Mechanical,1,1.7,415,Q Makers,0
yudaikawase,https://www.youtube.com/@yudaikawase,probado_ok,0.58,ya os funcionó — su catálogo es mina,191000,145503,1,3.22,9666321,Man Turns Old Pickup Truck into STUNNING DIY CAMPER | Start to Finish by @yudaikawase,7,221.7,1602740,KLIFS TECH,1
landonsees7739,https://www.youtube.com/@landonsees7739,probado_ok,0.58,ya os funcionó — su catálogo es mina,6180,12551,1,3.18,9544872,"Man Spends 2 YEARS Building Tiny MANSION with 10,000 POPSICLE STICKS | by @landonsees7739",1,0.9,26,The Building Zone,0
choigotv001,https://www.youtube.com/@choigotv001,probado_ok,0.58,ya os funcionó — su catálogo es mina,143000,213309,1,3.18,9531158,Man Builds Amazing DIY Container Home | Low-Cost Housing | @choigotv001,5,21.1,275704,TTI Build Stories ,1
HomeBuiltByJeff,https://www.youtube.com/@HomeBuiltByJeff,probado_ok,0.58,ya os funcionó — su catálogo es mina,229000,44106,1,3.16,9495988,Man Builds a FERRARI From an Abandoned CLASSIC | Start to Finish by @HomeBuiltByJeff,2,0.8,611,10 Royal Tech,0
luxonbushcraft,https://www.youtube.com/@luxonbushcraft,probado_ok,0.58,ya os funcionó — su catálogo es mina,721000,1238877,2,3.12,9356029,Man Builds A SECRET Cliff SHELTER Under HUGE Rock | Relaxing ASMR @luxonbushcraft,14,11.6,687162,MAKERS HD,3
tetuchannel,https://www.youtube.com/@tetuchannel,probado_ok,0.58,ya os funcionó — su catálogo es mina,295000,169315,1,3.07,9224996,Woman Turns Small Pickup Truck into Amazing CAMPER | DIY Start to Finish by @tetuchannel,1,0.4,845,Clean & Restore Tech,0
Cxsound,https://www.youtube.com/@Cxsound,probado_ok,0.58,ya os funcionó — su catálogo es mina,603000,352098,2,3.0,9001435,Cleaning the DIRTIEST Car in the World for ONLY $300 | Satisfying Car Cleaning by @Cxsound,0,,,,0
jufri_88,https://www.youtube.com/@jufri_88,probado_ok,0.58,ya os funcionó — su catálogo es mina,39400,54262,2,3.0,8989078,Man Builds Hyperrealistic RC Warship at Scale | OPV 1800 Military Replica by @jufri_88,0,,,,0
SailingGoodBadandUgly,https://www.youtube.com/@SailingGoodBadandUgly,probado_ok,0.58,ya os funcionó — su catálogo es mina,262000,162963,1,2.99,8978107,Young Couple Buys $5000 OLD YACHT and Renovates It Back to NEW | by @SailingGoodBadandUgly,2,1.1,1093162,TechFreeze,0
BelkoWood,https://www.youtube.com/@BelkoWood,probado_ok,0.58,ya os funcionó — su catálogo es mina,537000,2279074,1,2.97,8919354,Very Expensive Wood From 5000 Years Ago Black Oak | by @BelkoWood,0,,,,0
WildGnomos,https://www.youtube.com/@WildGnomos,probado_ok,0.58,ya os funcionó — su catálogo es mina,24900,16401,5,2.95,8863561,Man Spends 100 DAYS Building Wood CABIN in Volcanic Island | START TO FINISH by @WildGnomos,13,99.2,1003649,Quantum Build Studio,3
MojieAirCrafting,https://www.youtube.com/@MojieAirCrafting,probado_ok,0.58,ya os funcionó — su catálogo es mina,80300,128840,1,2.88,8654007,Men Build a Giant FLYING BOAT in 100 Days | DIY Ekranoplan by @MojieAirCrafting,0,,,,0
Korytan,https://www.youtube.com/@Korytan,probado_ok,0.58,ya os funcionó — su catálogo es mina,18900,66867,3,2.79,8360142,Man Turns $5000 Abandoned House Into a High-End Home | by @Korytan  ​,8,103.5,179496,COLLAB,0
DIY_OTAKU_take,https://www.youtube.com/@DIY_OTAKU_take,probado_ok,0.58,ya os funcionó — su catálogo es mina,7490,82590,1,2.78,8331929,Man Buys ABANDONED HOUSE for $7500 and Renovates It Back To New | Start to Finish @DIY_OTAKU_take,1,9.0,116880,TTI Build Stories ,0
bkscreative,https://www.youtube.com/@bkscreative,probado_ok,0.58,ya os funcionó — su catálogo es mina,110000,171782,1,2.77,8307135,Man Builds DIY Boat Using Fiberglass and Wire Mesh | From Start to Finish by @bkscreative,1,0.6,46,Hidden Cabin ,0
AK-DIY,https://www.youtube.com/@AK-DIY,probado_ok,0.58,ya os funcionó — su catálogo es mina,383000,162439,1,2.71,8144046,Man Builds Hidden Underground BUNKER in his Backyard | DIY Basement by @AK-DIY,0,,,,0
OnlyCampers,https://www.youtube.com/@OnlyCampers,probado_ok,0.58,ya os funcionó — su catálogo es mina,15700,24353,1,2.71,8123087,Young Woman Builds Amazing DIY CAMPER | Start to Finish by @OnlyCampers,0,,,,0
kingprocess,https://www.youtube.com/@kingprocess,probado_ok,0.58,ya os funcionó — su catálogo es mina,875000,1176572,2,2.69,8086850,"How a 5-Ton Temple Bell Is Forged to Ring for 1,000 Years | by @kingprocess",0,,,,0
MichaelRestoration,https://www.youtube.com/@MichaelRestoration,probado_ok,0.58,ya os funcionó — su catálogo es mina,212000,722662,4,2.69,8066539,KTM Motorcycle Full Restoration Back to New | Start to Finish KTM RC 200 by @MichaelRestoration,1,1.5,82,FixNation,0
JuliusPerdana,https://www.youtube.com/@JuliusPerdana,probado_ok,0.58,ya os funcionó — su catálogo es mina,170000,75984,1,2.67,8002653,Man Builds Mini RC Truck at Scale | Start to Finish by @JuliusPerdana,0,,,,0
skillspanda2.0,https://www.youtube.com/@skillspanda2.0,probado_ok,0.58,ya os funcionó — su catálogo es mina,89000,232411,1,2.59,7780457,How HUNDREDS of TRACTORS Are Manufactured Every WEEK | Macy Ferguson by @skillspanda2.0,0,,,,0
andirt4,https://www.youtube.com/@andirt4,probado_ok,0.58,ya os funcionó — su catálogo es mina,37600,19095,1,2.59,7769896,Man Builds Custom MERCEDES GULLWING Using Old Car Parts | Start to Finish by @andirt4,0,,,,0
MRWoodworking68,https://www.youtube.com/@MRWoodworking68,probado_ok,0.58,ya os funcionó — su catálogo es mina,46900,36547,1,2.54,7619210,Man Transforms Massive Tree Log into Amazing Table | by  @MRWoodworking68,1,0.2,1,Aether Labs Tech,0
RestorationTools6868,https://www.youtube.com/@RestorationTools6868,probado_ok,0.58,ya os funcionó — su catálogo es mina,145000,114822,3,2.52,7547596,Amazing Restoration Of a Truck Pulled From a River — Back on The Road | @RestorationTools6868,2,0.4,14,RV-88,0
bryanbiglin4795,https://www.youtube.com/@bryanbiglin4795,probado_ok,0.58,ya os funcionó — su catálogo es mina,60200,170665,1,2.49,7479361,Man Mowns Entire OVERGROWN Neighbourhood for FREE | Complete Transformation by @bryanbiglin4795,0,,,,0
KopauKakXo4u,https://www.youtube.com/@KopauKakXo4u,probado_ok,0.58,ya os funcionó — su catálogo es mina,23900,42459,2,2.49,7470321,Man Builds UNDERGROUND Log DUGOUT in the Forest | Start to Finish by  @KopauKakXo4u,2,6.2,31,Aether Labs Tech,0
roamingventures,https://www.youtube.com/@roamingventures,probado_ok,0.58,ya os funcionó — su catálogo es mina,18000,22623,1,2.36,7081721,Man Spends 1000 Hours Turning Military Truck Into Amazing CAMPER by @roamingventures,0,,,,0
hungchevlog,https://www.youtube.com/@hungchevlog,probado_ok,0.58,ya os funcionó — su catálogo es mina,229000,470157,1,2.32,6949316,Genius DIY Door Latch Ideas and Homemade Security Locks | @hungchevlog,0,,,,0
simplebronzecasting,https://www.youtube.com/@simplebronzecasting,probado_ok,0.58,ya os funcionó — su catálogo es mina,80400,196544,1,2.24,6735140,Man Builds Miniature RC Agriculture TRACTOR Using Only Metal | Start to Finish@simplebronzecasting,0,,,,0
sasha_lera,https://www.youtube.com/@sasha_lera,probado_ok,0.58,ya os funcionó — su catálogo es mina,200000,144102,1,2.24,6715803,Man Transforms Land into a Ranch with a Stunning Custom-Built House | by @sasha_lera,0,,,,0
matt.jacobs1,https://www.youtube.com/@matt.jacobs1,probado_ok,0.58,ya os funcionó — su catálogo es mina,201000,517391,1,2.19,6568856,Man Builds Amazing DIY Wood Cabin in the Forest Start to Finish | by @matt.jacobs1,10,3.1,700978,World Build,2
myoldgermanfarmhouse,https://www.youtube.com/@myoldgermanfarmhouse,probado_ok,0.58,ya os funcionó — su catálogo es mina,1360,3308,1,2.13,6384389,65-Year Old Man Buys Old House and Renovates It Back to New | by @myoldgermanfarmhouse,0,,,,0
ksthacks,https://www.youtube.com/@ksthacks,probado_ok,0.58,ya os funcionó — su catálogo es mina,300000,167287,1,2.07,6217242,Man Builds Homemade Volkswagen Beetle From Scratch Using PVC | by @ksthacks,0,,,,0
attagat,https://www.youtube.com/@attagat,probado_ok,0.58,ya os funcionó — su catálogo es mina,31800,66541,1,2.05,6156543,Man Turns an Old ATTIC Into an Amazing LOFT | DIY Start to Finish by @attagat,0,,,,0
Wild_Hammer,https://www.youtube.com/@Wild_Hammer,probado_ok,0.58,ya os funcionó — su catálogo es mina,118000,348167,1,2.05,6153146,Man Builds DIY TREEHOUSE 16ft HIGH in the Forest | Start to Finish by @Wild_Hammer,2,0.2,42915,Build Maker,0
JamesBiggar,https://www.youtube.com/@JamesBiggar,probado_ok,0.58,ya os funcionó — su catálogo es mina,387000,339646,3,2.03,6095277,Man Builds Amazing All-Terrain Vehicle From Scratch | by @JamesBiggar,1,2.0,59,The Building Zone,0
Connorraudseppproperty,https://www.youtube.com/@Connorraudseppproperty,probado_ok,0.58,ya os funcionó — su catálogo es mina,2500,15082,1,2.01,6039124,Man Buys Ruined Apartment and Renovates It Back To New | Start to Finish by @Connorraudseppproperty,0,,,,0
WildBeauty-OffGrid,https://www.youtube.com/@WildBeauty-OffGrid,probado_ok,0.58,ya os funcionó — su catálogo es mina,847000,1304960,1,2.0,5989958,Young Woman Builds BAMBOO CABIN in Just 20 DAYS | Start to Finish by @WildBeauty-OffGrid,1,0.9,7,Change of house,0
AtlasSurvivalShelters,https://www.youtube.com/@AtlasSurvivalShelters,sin_explorar,0.5767,sin explorar — predicción del modelo,703000,188280,0,0,0,,2,431.0,6334363,Not Fake: fyp,0
ErikGrankvist,https://www.youtube.com/@ErikGrankvist,sin_explorar,0.5729,sin explorar — predicción del modelo,1670000,3556122,0,0,0,,7,2.2,22441,Quantum Build Studio,0
JJfishing19marine,https://www.youtube.com/@JJfishing19marine,sin_explorar,0.5712,sin explorar — predicción del modelo,157000,1086177,0,0,0,,3,34.8,1049493,Lord Gizmo,0
botanik6140,https://www.youtube.com/@botanik6140,sin_explorar,0.57,sin explorar — predicción del modelo,691000,695879,0,0,0,,5,8.1,5122774,TK Maker,2
SurvivalBuilder,https://www.youtube.com/@SurvivalBuilder,sin_explorar,0.5662,sin explorar — predicción del modelo,11900000,8937222,0,0,0,,1,3.3,1072,The Makers HD,0
AndrewCamarata,https://www.youtube.com/@AndrewCamarata,sin_explorar,0.5469,sin explorar — predicción del modelo,1520000,1129538,0,0,0,,1,2.1,491632,BRAIN TIME VT,0
perfectidea,https://www.youtube.com/@perfectidea,sin_explorar,0.5465,sin explorar — predicción del modelo,215000,2922396,0,0,0,,4,15.1,68898,Built Marvels,0
MartijnDoolaard,https://www.youtube.com/@MartijnDoolaard,sin_explorar,0.5456,sin explorar — predicción del modelo,837000,596998,0,0,0,,1,3.8,883527,BRAIN TIME VT,0
nhettvchannel,https://www.youtube.com/@nhettvchannel,sin_explorar,0.5448,sin explorar — predicción del modelo,2530000,1395441,0,0,0,,1,3.2,11645,Namtum Makers,0
MySelfReliance,https://www.youtube.com/@MySelfReliance,sin_explorar,0.5443,sin explorar — predicción del modelo,2210000,715355,0,0,0,,5,13.8,34548,WoodCraft Empire,1
NickandMaëla,https://www.youtube.com/@NickandMaëla,sin_explorar,0.5442,sin explorar — predicción del modelo,155000,362998,0,0,0,,13,70.7,1245326,Rustic Roots Build,3
Holy_Maker,https://www.youtube.com/@Holy_Maker,sin_explorar,0.5438,sin explorar — predicción del modelo,300000,693525,0,0,0,,2,24.4,276417,Wood & Steel Craft,0
buildingskill9353,https://www.youtube.com/@buildingskill9353,sin_explorar,0.5401,sin explorar — predicción del modelo,1750000,3149121,0,0,0,,1,2.7,5397,Clean & Restore Tech,0
ZiskindVillage,https://www.youtube.com/@ZiskindVillage,sin_explorar,0.5368,sin explorar — predicción del modelo,324000,249633,0,0,0,,1,91.4,609117,Smart Fox,0
forestexpanses,https://www.youtube.com/@forestexpanses,sin_explorar,0.5352,sin explorar — predicción del modelo,94500,397028,0,0,0,,2,19.9,12683214,TK Maker,0
NickandMaela,https://www.youtube.com/@NickandMaela,sin_explorar,0.5351,sin explorar — predicción del modelo,155000,362998,0,0,0,,3,17.3,1680975,MrS,1
homemade_madness,https://www.youtube.com/@homemade_madness,sin_explorar,0.5329,sin explorar — predicción del modelo,251000,392222,0,0,0,,4,9.7,492590,Life Rhythm TV,2
northtoalaska2022,https://www.youtube.com/@northtoalaska2022,sin_explorar,0.5293,sin explorar — predicción del modelo,225000,247261,0,0,0,,1,14.6,1421843,MrS,0
restorationt2,https://www.youtube.com/@restorationt2,sin_explorar,0.529,sin explorar — predicción del modelo,396000,1680561,0,0,0,,3,9.1,33350,Namtum Makers,0
wildhomestead,https://www.youtube.com/@wildhomestead,sin_explorar,0.5269,sin explorar — predicción del modelo,535000,455115,0,0,0,,2,3.8,339345,Maker World,1
mypersonaljournal,https://www.youtube.com/@mypersonaljournal,sin_explorar,0.5255,sin explorar — predicción del modelo,150000,420925,0,0,0,,7,9.8,868186,Maker World,1
Bourbonmoth,https://www.youtube.com/@Bourbonmoth,sin_explorar,0.525,sin explorar — predicción del modelo,1250000,509673,0,0,0,,1,2.1,2181648,TechFreeze,0
ShevaBushcraft,https://www.youtube.com/@ShevaBushcraft,sin_explorar,0.5246,sin explorar — predicción del modelo,422000,1674371,0,0,0,,2,5.8,25318,Crafted Horizon,0
TheOutsiderCabin,https://www.youtube.com/@TheOutsiderCabin,sin_explorar,0.521,sin explorar — predicción del modelo,1210000,854953,0,0,0,,6,3.5,16103,Pro Build Master,0
MrWildNature,https://www.youtube.com/@MrWildNature,sin_explorar,0.5209,sin explorar — predicción del modelo,524000,395722,0,0,0,,1,3.2,3295466,TechFreeze,0
karakum_outdoors,https://www.youtube.com/@karakum_outdoors,sin_explorar,0.5182,sin explorar — predicción del modelo,262000,344778,0,0,0,,2,5.1,3235140,TK Maker,0
JulienMalara,https://www.youtube.com/@JulienMalara,sin_explorar,0.5151,sin explorar — predicción del modelo,267000,48043,0,0,0,,9,135.8,4095126,Lord Gizmo,3
Restoration,https://www.youtube.com/@Restoration,sin_explorar,0.5149,sin explorar — predicción del modelo,1640000,2561371,0,0,0,,1,29.3,2873,Renovation Rescue HD,0
ateliermavi,https://www.youtube.com/@ateliermavi,sin_explorar,0.5139,sin explorar — predicción del modelo,117000,178622,0,0,0,,3,23.2,1179221,Life Rhythm TV,1
WildBushDrive,https://www.youtube.com/@WildBushDrive,sin_explorar,0.5131,sin explorar — predicción del modelo,47500,284827,0,0,0,,1,24.1,15313144,TK Maker,0
naturalloghouse,https://www.youtube.com/@naturalloghouse,sin_explorar,0.5114,sin explorar — predicción del modelo,78100,471813,0,0,0,,10,8.6,1945390,World Build,1
WildernessSurvivalMan,https://www.youtube.com/@WildernessSurvivalMan,sin_explorar,0.5095,sin explorar — predicción del modelo,239000,318753,0,0,0,,4,4.6,2922624,TK Maker,0
Hampus_Granstrom,https://www.youtube.com/@Hampus_Granstrom,sin_explorar,0.5082,sin explorar — predicción del modelo,231000,3325154,0,0,0,,2,18.8,8791,Maexology,0
lifeanywhere,https://www.youtube.com/@lifeanywhere,sin_explorar,0.506,sin explorar — predicción del modelo,46800,117347,0,0,0,,24,3678.1,8507547,Techno Fusion HD,7
DawidOutdoorAdventures,https://www.youtube.com/@DawidOutdoorAdventures,sin_explorar,0.5039,sin explorar — predicción del modelo,92900,1675617,0,0,0,,2,33.3,43741,SwiftBuild,1
ThanhSuperBoat,https://www.youtube.com/@ThanhSuperBoat,sin_explorar,0.5014,sin explorar — predicción del modelo,94600,731082,0,0,0,,11,23.4,113903,22TechZoom,1
Weandnature,https://www.youtube.com/@Weandnature,sin_explorar,0.5006,sin explorar — predicción del modelo,246000,110536,0,0,0,,5,14.3,429894,Lord Gizmo,1
The-Quinta,https://www.youtube.com/@The-Quinta,sin_explorar,0.4973,sin explorar — predicción del modelo,73200,92618,0,0,0,,1,1018.5,1765575,COLLAB,0
HandyGeng,https://www.youtube.com/@HandyGeng,sin_explorar,0.4917,sin explorar — predicción del modelo,404000,337564,0,0,0,,1,21.1,42304,Clean & Restore Tech,0
MattBangsWood,https://www.youtube.com/@MattBangsWood,sin_explorar,0.4904,sin explorar — predicción del modelo,483000,209779,0,0,0,,2,2.9,159627,CabinCraft,0
chateaudepurnon,https://www.youtube.com/@chateaudepurnon,sin_explorar,0.4882,sin explorar — predicción del modelo,495000,131172,0,0,0,,1,3.3,774645,BRAIN TIME VT,0
KrisHarbour,https://www.youtube.com/@KrisHarbour,sin_explorar,0.4874,sin explorar — predicción del modelo,618000,236545,0,0,0,,1,2.1,500876,BRAIN TIME VT,0
SashaJuliardD,https://www.youtube.com/@SashaJuliardD,sin_explorar,0.4856,sin explorar — predicción del modelo,39500,777473,0,0,0,,1,9.4,122658,TTI Build Stories ,0
norusarubushcraft,https://www.youtube.com/@norusarubushcraft,sin_explorar,0.4855,sin explorar — predicción del modelo,470000,1581042,0,0,0,,9,8.9,4168,Maexology,0
ThanhĐiềnNTĐ,https://www.youtube.com/@ThanhĐiềnNTĐ,sin_explorar,0.484,sin explorar — predicción del modelo,242000,78461,0,0,0,,4,7.3,1716775,BRAIN TIME VT,2
ArtSportArtSport,https://www.youtube.com/@ArtSportArtSport,sin_explorar,0.4837,sin explorar — predicción del modelo,212000,295430,0,0,0,,9,6.7,68075,Quantum Build Studio,1
Wolfpupfab,https://www.youtube.com/@Wolfpupfab,sin_explorar,0.4825,sin explorar — predicción del modelo,58300,93357,0,0,0,,10,24.1,1430788,MAKERS HD,6
LRN2DIY,https://www.youtube.com/@LRN2DIY,sin_explorar,0.4808,sin explorar — predicción del modelo,1280000,685680,0,0,0,,1,1.1,7491,Smart Fox,0
andersboisentinyhouse,https://www.youtube.com/@andersboisentinyhouse,sin_explorar,0.4804,sin explorar — predicción del modelo,143000,59701,0,0,0,,4,91.7,611341,Smart Fox,0
InWildForest,https://www.youtube.com/@InWildForest,sin_explorar,0.4785136433483731,sin explorar — sin canal resuelto,,,0,0,0,,1,39.8,585033,Not Fake: fyp,0
AustinCoulson,https://www.youtube.com/@AustinCoulson,sin_explorar,0.4777,sin explorar — predicción del modelo,152000,112555,0,0,0,,1,6.5,432224,Gear Tech HD,0
SBRRCTRUCK,https://www.youtube.com/@SBRRCTRUCK,sin_explorar,0.4776,sin explorar — predicción del modelo,401000,588130,0,0,0,,1,2.8,10240,Namtum Makers,0
primitivevilla1930,https://www.youtube.com/@primitivevilla1930,sin_explorar,0.4765,sin explorar — predicción del modelo,237000,895662,0,0,0,,2,2.3,9891,Professional Skills,0
frengen_engineering,https://www.youtube.com/@frengen_engineering,sin_explorar,0.4759,sin explorar — predicción del modelo,87600,180129,0,0,0,,7,4.9,5112367,TechFreeze,2
pakistanitruck,https://www.youtube.com/@pakistanitruck,sin_explorar,0.4752,sin explorar — predicción del modelo,656000,412577,0,0,0,,1,1.3,1367111,TechFreeze,0
SurvivalBuild,https://www.youtube.com/@SurvivalBuild,sin_explorar,0.4743,sin explorar — predicción del modelo,560000,1428988,0,0,0,,1,2.1,2771,SwiftBuild,0
Montana,https://www.youtube.com/@Montana,sin_explorar,0.473477329052354,sin explorar — sin canal resuelto,,,0,0,0,,1,1145.5,393489,Lynsey Windon,0
BuildStudioHQ,https://www.youtube.com/@BuildStudioHQ,sin_explorar,0.4734,sin explorar — predicción del modelo,324000,188907,0,0,0,,1,15.3,47616,Quantum Builders,0
TheCrockers,https://www.youtube.com/@TheCrockers,sin_explorar,0.4709,sin explorar — predicción del modelo,462000,68602,0,0,0,,1,3.8,209215,CabinCraft,0
serkanbilginbushcraft,https://www.youtube.com/@serkanbilginbushcraft,sin_explorar,0.4684,sin explorar — predicción del modelo,139000,134768,0,0,0,,1,3.8,2429667,TK Maker,0
domegaia,https://www.youtube.com/@domegaia,sin_explorar,0.4679,sin explorar — predicción del modelo,63500,74303,0,0,0,,4,45.4,591891,TTI Build Stories ,0
bastianbuilders,https://www.youtube.com/@bastianbuilders,sin_explorar,0.4654,sin explorar — predicción del modelo,45000,235798,0,0,0,,2,5.3,315536,MAKERS HD,0
ProcessK,https://www.youtube.com/@ProcessK,sin_explorar,0.4646,sin explorar — predicción del modelo,461000,813797,0,0,0,,2,137.3,3981,The Maker World,0
ChayDenne,https://www.youtube.com/@ChayDenne,sin_explorar,0.4625,sin explorar — predicción del modelo,2410000,2760362,0,0,0,,1,2.7,174,Build Secrets,0
Restoratorman,https://www.youtube.com/@Restoratorman,sin_explorar,0.4621,sin explorar — predicción del modelo,41200,300724,0,0,0,,1,3.5,3680489,TechFreeze,0
Le_Dan,https://www.youtube.com/@Le_Dan,sin_explorar,0.4609,sin explorar — predicción del modelo,577000,1769190,0,0,0,,1,1.7,1281,DIY UNIQUE CREATIONS,0
MakeitExtreme,https://www.youtube.com/@MakeitExtreme,sin_explorar,0.4599,sin explorar — predicción del modelo,1970000,1728052,0,0,0,,1,0.7,378,Vietnamese farmers 88,0
Xiaoqianfeng,https://www.youtube.com/@Xiaoqianfeng,sin_explorar,0.4592,sin explorar — predicción del modelo,535000,749064,0,0,0,,1,1.6,3151,Clean & Restore Tech,0
DomashMaster,https://www.youtube.com/@DomashMaster,sin_explorar,0.459,sin explorar — predicción del modelo,1020000,531626,0,0,0,,1,8.1,2600,The Makers HD,0
SalvagetoScenic,https://www.youtube.com/@SalvagetoScenic,sin_explorar,0.4568,sin explorar — predicción del modelo,322000,649823,0,0,0,,1,1.3,4856,Namtum Makers,0
juanxiaoliu,https://www.youtube.com/@juanxiaoliu,sin_explorar,0.4564,sin explorar — predicción del modelo,206000,83672,0,0,0,,9,9.8,99197,Quantum Build Studio,1
Tornado_Dave,https://www.youtube.com/@Tornado_Dave,sin_explorar,0.4553,sin explorar — predicción del modelo,306000,215863,0,0,0,,5,1.9,24739,TTI Build Stories ,0
WildlifeHomesteadCabin,https://www.youtube.com/@WildlifeHomesteadCabin,sin_explorar,0.45386528815768756,sin explorar — sin canal resuelto,,,0,0,0,,1,3.2,308001,MrS,0
WorkshopFromScratch,https://www.youtube.com/@WorkshopFromScratch,sin_explorar,0.4537,sin explorar — predicción del modelo,881000,2531473,0,0,0,,1,0.8,391,Vietnamese farmers 88,0
Mechanical-Hands,https://www.youtube.com/@Mechanical-Hands,sin_explorar,0.451,sin explorar — predicción del modelo,77900,362986,0,0,0,,1,13.6,31369,Techno Fusion HD,0
ThisOffGridLife,https://www.youtube.com/@ThisOffGridLife,sin_explorar,0.4503,sin explorar — predicción del modelo,191000,137786,0,0,0,,2,2.3,206181,Maker World,0
WildRoot.Bushcraftz,https://www.youtube.com/@WildRoot.Bushcraftz,sin_explorar,0.44683666480550566,sin explorar — sin canal resuelto,,,0,0,0,,1,3.1,35482,Wood & Steel Craft,0
andrewryanpov,https://www.youtube.com/@andrewryanpov,sin_explorar,0.4468,sin explorar — predicción del modelo,51200,45634,0,0,0,,10,38.4,518445,99Techspot,3
BushcraftLeo,https://www.youtube.com/@BushcraftLeo,sin_explorar,0.4458,sin explorar — predicción del modelo,32100,151452,0,0,0,,3,4.5,3702673,AKLA GELEN,0
Ivan-Rogal,https://www.youtube.com/@Ivan-Rogal,sin_explorar,0.4456,sin explorar — predicción del modelo,59300,423880,0,0,0,,2,6.2,26738,Crafted Horizon,0
LesBricoloveurs,https://www.youtube.com/@LesBricoloveurs,sin_explorar,0.4452,sin explorar — predicción del modelo,32100,78446,0,0,0,,5,31.4,409460,TTI Build Stories ,2
AlexanderBushcraft776,https://www.youtube.com/@AlexanderBushcraft776,sin_explorar,0.4444,sin explorar — predicción del modelo,42700,121494,0,0,0,,2,4.8,1145063,Epic Timeline,0
DrewBuildsStuff,https://www.youtube.com/@DrewBuildsStuff,sin_explorar,0.4417,sin explorar — predicción del modelo,1950000,3143387,0,0,0,,1,4.3,66,The Builder's Stage,0
klerobi1,https://www.youtube.com/@klerobi1,sin_explorar,0.4413,sin explorar — predicción del modelo,119000,198456,0,0,0,,4,1.9,1848504,Makerium,0
LostinMountainsCarpathians,https://www.youtube.com/@LostinMountainsCarpathians,sin_explorar,0.4411,sin explorar — predicción del modelo,51000,484047,0,0,0,,1,1.8,421722,Epic Timeline,0
ivan_bushcraft,https://www.youtube.com/@ivan_bushcraft,sin_explorar,0.4407,sin explorar — predicción del modelo,67400,1048869,0,0,0,,3,4.3,5632,SwiftBuild,0
RescueStory,https://www.youtube.com/@RescueStory,sin_explorar,0.4407,sin explorar — predicción del modelo,650000,2507237,0,0,0,,2,0.6,1271,Techno Fusion HD,0
THENORTHCABIN,https://www.youtube.com/@THENORTHCABIN,sin_explorar,0.4396,sin explorar — predicción del modelo,49400,278492,0,0,0,,1,3.5,40197,Crafted Foundations,0
Lesnoy_Craft,https://www.youtube.com/@Lesnoy_Craft,sin_explorar,0.4376538858987203,sin explorar — sin canal resuelto,,,0,0,0,,2,1.8,23492,TTI Build Stories ,0
VillaAroldi,https://www.youtube.com/@VillaAroldi,sin_explorar,0.4376,sin explorar — predicción del modelo,31200,23979,0,0,0,,7,202.9,1352344,Smart Fox,3
Trieuthiduong,https://www.youtube.com/@Trieuthiduong,sin_explorar,0.4369,sin explorar — predicción del modelo,98300,151810,0,0,0,,1,2.3,240645,Innovative Tech World,0
Woodsimprovisation,https://www.youtube.com/@Woodsimprovisation,sin_explorar,0.4368,sin explorar — predicción del modelo,11700,151995,0,0,0,,2,193.2,334965,COLLAB,1
channel520,https://www.youtube.com/@channel520,sin_explorar,0.4358,sin explorar — predicción del modelo,98300,35311,0,0,0,,3,6.0,633624,Innovative Tech World,0
GrumpyToadCreations,https://www.youtube.com/@GrumpyToadCreations,sin_explorar,0.4349,sin explorar — predicción del modelo,12000,77943,0,0,0,,15,14.1,3187034,World Build,10
KYLESCABIN,https://www.youtube.com/@KYLESCABIN,sin_explorar,0.4347,sin explorar — predicción del modelo,326000,162584,0,0,0,,4,1.4,79481,CabinCraft,0
7asean,https://www.youtube.com/@7asean,sin_explorar,0.4340853454645324,sin explorar — sin canal resuelto,,,0,0,0,,1,17.0,10414,HITECH,0
thompsonscabin,https://www.youtube.com/@thompsonscabin,sin_explorar,0.4339,sin explorar — predicción del modelo,64000,23397,0,0,0,,1,12.5,1106705,Maker World,0
PhươngOutdoor,https://www.youtube.com/@PhươngOutdoor,sin_explorar,0.4303,sin explorar — predicción del modelo,167000,217089,0,0,0,,1,14.8,9754,Calm Fix Studio,0
LandtoHouse,https://www.youtube.com/@LandtoHouse,sin_explorar,0.4296,sin explorar — predicción del modelo,260000,40005,0,0,0,,1,7.8,52031,Smart Fox,0
Nasatchanne,https://www.youtube.com/@Nasatchanne,sin_explorar,0.42743229834507984,sin explorar — sin canal resuelto,,,0,0,0,,1,2.5,5768,Techno Fusion HD,0
FinnishPlayground,https://www.youtube.com/@FinnishPlayground,sin_explorar,0.4274,sin explorar — predicción del modelo,49600,137412,0,0,0,,3,2.6,622700,Betelhem Tech,2
Benjamin-roct,https://www.youtube.com/@Benjamin-roct,sin_explorar,0.4272,sin explorar — predicción del modelo,100000,99724,0,0,0,,1,2.2,527082,BRAIN TIME VT,0
woodwood1,https://www.youtube.com/@woodwood1,sin_explorar,0.4262,sin explorar — predicción del modelo,113000,151735,0,0,0,,1,1.7,392262,World Build,0
ProjectswithChristineJesse,https://www.youtube.com/@ProjectswithChristineJesse,sin_explorar,0.4243,sin explorar — predicción del modelo,15000,34237,0,0,0,,16,190.9,927329,22TechZoom,1
doracamperstudio,https://www.youtube.com/@doracamperstudio,sin_explorar,0.4241,sin explorar — predicción del modelo,11500,59263,0,0,0,,1,44.6,581765,TTI Build Stories ,0
DailyBergstrom,https://www.youtube.com/@DailyBergstrom,sin_explorar,0.4237301926003851,sin explorar — sin canal resuelto,,,0,0,0,,1,2.5,4697,Construcciones Salvajes,0
LifeontheMoose,https://www.youtube.com/@LifeontheMoose,sin_explorar,0.4237,sin explorar — predicción del modelo,58400,26257,0,0,0,,12,185.2,321081,COLLAB,4
belaruscustoms,https://www.youtube.com/@belaruscustoms,sin_explorar,0.4236,sin explorar — predicción del modelo,57800,526860,0,0,0,,2,1.2,1253944,TechFreeze,0
AntonioOff-Grid,https://www.youtube.com/@AntonioOff-Grid,sin_explorar,0.4234,sin explorar — predicción del modelo,352000,555553,0,0,0,,2,0.8,195221,Epic Timeline,0
Library,https://www.youtube.com/@Library,sin_explorar,0.4212668433752546,sin explorar — sin canal resuelto,,,0,0,0,,2,1.2,5663,22TechZoom,0
lesnoy_badger1544,https://www.youtube.com/@lesnoy_badger1544,sin_explorar,0.4207,sin explorar — predicción del modelo,51200,172291,0,0,0,,4,2.1,204203,MrS,0
TheEnesYilmazerPodcast,https://www.youtube.com/@TheEnesYilmazerPodcast,sin_explorar,0.4196,sin explorar — predicción del modelo,829000,583576,0,0,0,,1,0.6,8298,TTI Build Stories ,0
araujocaiaque,https://www.youtube.com/@araujocaiaque,sin_explorar,0.4186,sin explorar — predicción del modelo,52700,13637,0,0,0,,5,11.2,11607684,TechFreeze,1
BMSculptures,https://www.youtube.com/@BMSculptures,sin_explorar,0.4185,sin explorar — predicción del modelo,981000,1381117,0,0,0,,1,0.4,842,Clean & Restore Tech,0
BuildingInNature,https://www.youtube.com/@BuildingInNature,sin_explorar,0.4184,sin explorar — predicción del modelo,15300,61736,0,0,0,,11,7.9,1453744,Build Maker,1
Kings_Wharf_Restoration,https://www.youtube.com/@Kings_Wharf_Restoration,sin_explorar,0.4184,sin explorar — predicción del modelo,18100,289555,0,0,0,,1,2.4,119710,Life Rhythm TV,0
divanstroy,https://www.youtube.com/@divanstroy,sin_explorar,0.4174,sin explorar — predicción del modelo,655000,850200,0,0,0,,2,1.2,379,The Makers HD,0
MADDETAILING,https://www.youtube.com/@MADDETAILING,sin_explorar,0.4168,sin explorar — predicción del modelo,547000,780024,0,0,0,,1,0.7,1324,Clean & Restore Tech,0
MorizinForest,https://www.youtube.com/@MorizinForest,sin_explorar,0.4164,sin explorar — predicción del modelo,105000,32626,0,0,0,,2,30.6,95321,Quantum Builders,0
MadeinPolandChannel,https://www.youtube.com/@MadeinPolandChannel,sin_explorar,0.4162,sin explorar — predicción del modelo,1330000,2572761,0,0,0,,1,0.2,735,Namtum Makers,0
OurRestorationNation,https://www.youtube.com/@OurRestorationNation,sin_explorar,0.4152,sin explorar — predicción del modelo,162000,53949,0,0,0,,1,4.4,29204,Smart Fox,0
DoBeDiff,https://www.youtube.com/@DoBeDiff,sin_explorar,0.4151,sin explorar — predicción del modelo,59000,19747,0,0,0,,5,7.7,751556,MrS,3
LibraryofConstruction,https://www.youtube.com/@LibraryofConstruction,sin_explorar,0.4149,sin explorar — predicción del modelo,17100,109531,0,0,0,,4,3.4,3366100,Makerium,0
trwilderness-bahadirkilic,https://www.youtube.com/@trwilderness-bahadirkilic,sin_explorar,0.4146,sin explorar — predicción del modelo,113000,190875,0,0,0,,1,1.5,14283,Cabin Maker,0
CyprienAdventures,https://www.youtube.com/@CyprienAdventures,sin_explorar,0.4142,sin explorar — predicción del modelo,2930000,3880618,0,0,0,,1,0.1,119,Clean & Restore Tech,0
johnwolson,https://www.youtube.com/@johnwolson,sin_explorar,0.4138,sin explorar — predicción del modelo,10600,644123,0,0,0,,1,6.3,19518,Quantum Builders,0
theturkishviking-bushcraft,https://www.youtube.com/@theturkishviking-bushcraft,sin_explorar,0.41328858091593007,sin explorar — sin canal resuelto,,,0,0,0,,1,1.1,2236,Clean & Restore Tech,0
adventurevibee,https://www.youtube.com/@adventurevibee,sin_explorar,0.4129,sin explorar — predicción del modelo,124000,18400,0,0,0,,1,18.8,141369,Cabin In the Woods,0
alex_wildlife,https://www.youtube.com/@alex_wildlife,sin_explorar,0.4122,sin explorar — predicción del modelo,268000,801772,0,0,0,,2,0.8,1015,SwiftBuild,0
lesnoy_nearthefire998,https://www.youtube.com/@lesnoy_nearthefire998,sin_explorar,0.412,sin explorar — predicción del modelo,249000,630247,0,0,0,,1,38.9,1127,The Maker World,0
AmbitionStrikes,https://www.youtube.com/@AmbitionStrikes,sin_explorar,0.4112,sin explorar — predicción del modelo,1140000,501815,0,0,0,,1,0.6,2011,Namtum Makers,0
LiveDontWatch,https://www.youtube.com/@LiveDontWatch,sin_explorar,0.4109,sin explorar — predicción del modelo,5690,53139,0,0,0,,8,102.3,739601,KLIFS TECH,2
ĐiềnTiểuCaFarm86,https://www.youtube.com/@ĐiềnTiểuCaFarm86,sin_explorar,0.40901109527475565,sin explorar — sin canal resuelto,,,0,0,0,,1,20.8,1686,Hidden Cabin ,0
ben-kilner,https://www.youtube.com/@ben-kilner,sin_explorar,0.4058,sin explorar — predicción del modelo,495000,1043110,0,0,0,,1,0.5,1818,Namtum Makers,0
DennisKoburger,https://www.youtube.com/@DennisKoburger,sin_explorar,0.4054,sin explorar — predicción del modelo,124000,146786,0,0,0,,3,1.4,18149,TTI Build Stories ,0
MoonCamping2005,https://www.youtube.com/@MoonCamping2005,sin_explorar,0.40535558464346616,sin explorar — sin canal resuelto,,,0,0,0,,1,1.0,1269,SwiftBuild,0
TieuLieu-17yearold,https://www.youtube.com/@TieuLieu-17yearold,sin_explorar,0.4049,sin explorar — predicción del modelo,62900,53132,0,0,0,,1,2.5,267361,Innovative Tech World,0
Bushcraft__Karina,https://www.youtube.com/@Bushcraft__Karina,sin_explorar,0.4044,sin explorar — predicción del modelo,160000,327351,0,0,0,,2,1.2,2392,Clean & Restore Tech,0
Martijn,https://www.youtube.com/@Martijn,sin_explorar,0.4017105376492134,sin explorar — sin canal resuelto,,,0,0,0,,1,9.6,937,Renovation Rescue HD,0
SavingSweetWilliam,https://www.youtube.com/@SavingSweetWilliam,sin_explorar,0.40125566104156224,sin explorar — sin canal resuelto,,,0,0,0,,1,0.8,5429,Smart Fox,0
life.uncontained,https://www.youtube.com/@life.uncontained,sin_explorar,0.4008,sin explorar — predicción del modelo,1540000,828452,0,0,0,,1,3.3,64,SUN Channel,0
TheDIYCabinGuy,https://www.youtube.com/@TheDIYCabinGuy,sin_explorar,0.4005,sin explorar — predicción del modelo,32500,105664,0,0,0,,1,10.9,33974,Quantum Builders,0
Bushgard-x,https://www.youtube.com/@Bushgard-x,sin_explorar,0.3996,sin explorar — predicción del modelo,19800,148231,0,0,0,,1,2.7,34789,TTI Build Stories ,0
Bendheim,https://www.youtube.com/@Bendheim,sin_explorar,0.3986812595466835,sin explorar — sin canal resuelto,,,0,0,0,,1,0.8,959,Rebuilding HD,0
VeganAthlete,https://www.youtube.com/@VeganAthlete,sin_explorar,0.3983,sin explorar — predicción del modelo,290000,75878,0,0,0,,2,1.1,266496,BRAIN TIME VT,0
LESNUE,https://www.youtube.com/@LESNUE,sin_explorar,0.3982,sin explorar — predicción del modelo,2650000,1269694,0,0,0,,2,0.9,28,KORIX TECH,0
beccanlevisalaska,https://www.youtube.com/@beccanlevisalaska,sin_explorar,0.3976,sin explorar — predicción del modelo,40300,19414,0,0,0,,7,5.2,510432,MrS,2
Tran-Chien,https://www.youtube.com/@Tran-Chien,sin_explorar,0.3973,sin explorar — predicción del modelo,1490000,1858640,0,0,0,,1,0.4,29,Hidden Cabin ,0
Bushcraft.en.Solitario,https://www.youtube.com/@Bushcraft.en.Solitario,sin_explorar,0.3970184408815655,sin explorar — sin canal resuelto,,,0,0,0,,1,2.7,651,Q Makers,0
WoodworkingProjectsDIY,https://www.youtube.com/@WoodworkingProjectsDIY,sin_explorar,0.3966,sin explorar — predicción del modelo,785000,225345,0,0,0,,2,1.3,658,Vietnamese farmers 88,0
kbuild,https://www.youtube.com/@kbuild,sin_explorar,0.3959,sin explorar — predicción del modelo,66300,11273,0,0,0,,9,5.4,992309,Build Maker,2
loginnature8516,https://www.youtube.com/@loginnature8516,sin_explorar,0.3942,sin explorar — predicción del modelo,16100,39114,0,0,0,,2,5.0,482893,MrS,0
OneFootOfftheGrid,https://www.youtube.com/@OneFootOfftheGrid,sin_explorar,0.3937,sin explorar — predicción del modelo,40800,30233,0,0,0,,3,3.2,591631,Build Maker,1
rosagold,https://www.youtube.com/@rosagold,sin_explorar,0.3928,sin explorar — predicción del modelo,71300,52873,0,0,0,,1,13.6,23514,COLLAB,0
VermijlCarDetail,https://www.youtube.com/@VermijlCarDetail,sin_explorar,0.3917,sin explorar — predicción del modelo,511000,282979,0,0,0,,1,10.7,600,FixNation,0
cabinlife4551,https://www.youtube.com/@cabinlife4551,sin_explorar,0.3914,sin explorar — predicción del modelo,22500,79895,0,0,0,,4,2.4,212751,Maker World,1
Mrhuubushcraft,https://www.youtube.com/@Mrhuubushcraft,sin_explorar,0.3913,sin explorar — predicción del modelo,43800,44744,0,0,0,,4,4.4,44879,Quantum Build Studio,0
dialtommy,https://www.youtube.com/@dialtommy,sin_explorar,0.3907,sin explorar — predicción del modelo,19400,20748,0,0,0,,4,9.2,276811,Lord Gizmo,0
CraftCreative-444,https://www.youtube.com/@CraftCreative-444,sin_explorar,0.39069164705287657,sin explorar — sin canal resuelto,,,0,0,0,,1,0.7,344,Vietnamese farmers 88,0
awesome,https://www.youtube.com/@awesome,sin_explorar,0.3896,sin explorar — predicción del modelo,109000,124354,0,0,0,,1,49.2,4825,Renovation Rescue HD,0
aboulderlifeoffgrid,https://www.youtube.com/@aboulderlifeoffgrid,sin_explorar,0.3884,sin explorar — predicción del modelo,27400,20209,0,0,0,,3,5.0,439091,Maker World,1
anvswild,https://www.youtube.com/@anvswild,sin_explorar,0.3873,sin explorar — predicción del modelo,128000,301351,0,0,0,,3,2.1,1619,DIY UNIQUE CREATIONS,0
old_school_moaboa,https://www.youtube.com/@old_school_moaboa,sin_explorar,0.387,sin explorar — predicción del modelo,32700,14267,0,0,0,,1,31.9,212883,Smart Fox,0
20by8,https://www.youtube.com/@20by8,sin_explorar,0.3851,sin explorar — predicción del modelo,14200,113040,0,0,0,,1,19.7,34223,COLLAB,0
GrumpyToadCreation,https://www.youtube.com/@GrumpyToadCreation,sin_explorar,0.38484945220865197,sin explorar — sin canal resuelto,,,0,0,0,,1,0.5,4084,The Builders World,0
DemasiLogCabin,https://www.youtube.com/@DemasiLogCabin,sin_explorar,0.3837,sin explorar — predicción del modelo,51000,20985,0,0,0,,6,3.0,264041,Maker World,1
SimonFordman,https://www.youtube.com/@SimonFordman,sin_explorar,0.3837,sin explorar — predicción del modelo,541000,1267253,0,0,0,,1,4.6,51,Crafted Hub,0
phungthienthanh8868,https://www.youtube.com/@phungthienthanh8868,sin_explorar,0.3829093175496783,sin explorar — sin canal resuelto,,,0,0,0,,1,2.3,129,FixNation,0
trieuthisenh-o6k,https://www.youtube.com/@trieuthisenh-o6k,sin_explorar,0.3813,sin explorar — predicción del modelo,15200,14233,0,0,0,,1,34.7,350714,Quantum Build Studio,0
mr.deswal6903,https://www.youtube.com/@mr.deswal6903,sin_explorar,0.3809,sin explorar — predicción del modelo,476000,638780,0,0,0,,1,0.3,299882,TechFreeze,0
ShredPile,https://www.youtube.com/@ShredPile,sin_explorar,0.3798,sin explorar — predicción del modelo,26200,30807,0,0,0,,1,2.9,532369,Build Maker,0
PerkinsBuilderBrothers,https://www.youtube.com/@PerkinsBuilderBrothers,sin_explorar,0.3797,sin explorar — predicción del modelo,1170000,412857,0,0,0,,1,3.7,72,SUN Channel,0
One.woman.wilderness,https://www.youtube.com/@One.woman.wilderness,sin_explorar,0.3796,sin explorar — predicción del modelo,229000,203539,0,0,0,,1,0.8,5404,Smart Fox,0
OlikaBushcraft,https://www.youtube.com/@OlikaBushcraft,sin_explorar,0.3784,sin explorar — predicción del modelo,8890,86226,0,0,0,,1,2.4,1547231,TK Maker,0
lythibinh,https://www.youtube.com/@lythibinh,sin_explorar,0.3778,sin explorar — predicción del modelo,110000,149428,0,0,0,,2,1.0,105243,Innovative Tech World,0
ForestHermit,https://www.youtube.com/@ForestHermit,sin_explorar,0.3767,sin explorar — predicción del modelo,72600,161851,0,0,0,,2,1.0,239596,Epic Timeline,0
slothconstruction,https://www.youtube.com/@slothconstruction,sin_explorar,0.3739,sin explorar — predicción del modelo,8510,9990,0,0,0,,16,27.8,647958,WildCraft Builds,5
Renovacile,https://www.youtube.com/@Renovacile,sin_explorar,0.3729,sin explorar — predicción del modelo,84300,143434,0,0,0,,1,1.0,233464,BRAIN TIME VT,0
growinginfrance,https://www.youtube.com/@growinginfrance,sin_explorar,0.3723,sin explorar — predicción del modelo,18300,19173,0,0,0,,5,19.5,129958,Smart Fox,1
MiniHouseDIY,https://www.youtube.com/@MiniHouseDIY,sin_explorar,0.3715,sin explorar — predicción del modelo,590000,3720907,0,0,0,,1,0.0,1092,Maker World,0
AleksandrKvasha,https://www.youtube.com/@AleksandrKvasha,sin_explorar,0.37134858293334794,sin explorar — sin canal resuelto,,,0,0,0,,1,0.3,3746,TTI Build Stories ,0
MARCANDSANDY,https://www.youtube.com/@MARCANDSANDY,sin_explorar,0.3692886537736342,sin explorar — sin canal resuelto,,,0,0,0,,1,0.2,319,Rebuilding HD,0
Gabriel.Leni100,https://www.youtube.com/@Gabriel.Leni100,sin_explorar,0.369,sin explorar — predicción del modelo,14600,14920,0,0,0,,2,4.6,3768088,AKLA GELEN,0
Polissya,https://www.youtube.com/@Polissya,sin_explorar,0.3689947645845561,sin explorar — sin canal resuelto,,,0,0,0,,1,0.4,43,Renovation Rescue HD,0
radicalgastronomy,https://www.youtube.com/@radicalgastronomy,sin_explorar,0.3687,sin explorar — predicción del modelo,25000,18096,0,0,0,,1,12.9,86122,Smart Fox,0
LankHome,https://www.youtube.com/@LankHome,sin_explorar,0.3683,sin explorar — predicción del modelo,23100,13262,0,0,0,,9,18.4,133251,KLIFS TECH,0
syromyatnikov,https://www.youtube.com/@syromyatnikov,sin_explorar,0.3677,sin explorar — predicción del modelo,22600,31558,0,0,0,,1,2.2,1790693,AKLA GELEN,0
desentoca2309,https://www.youtube.com/@desentoca2309,sin_explorar,0.3677,sin explorar — predicción del modelo,25300,13755,0,0,0,,5,8.4,113364,99Techspot,0
thetielife,https://www.youtube.com/@thetielife,sin_explorar,0.3667,sin explorar — predicción del modelo,33700,7555,0,0,0,,1,25.8,172108,Smart Fox,0
SteepintheWoods,https://www.youtube.com/@SteepintheWoods,sin_explorar,0.3657,sin explorar — predicción del modelo,32300,15820,0,0,0,,2,2.6,2570630,Makerium,0
Clean,https://www.youtube.com/@Clean,sin_explorar,0.3644520207032855,sin explorar — sin canal resuelto,,,0,0,0,,1,0.3,33,Renovation Rescue HD,0
alexbushcraftmy,https://www.youtube.com/@alexbushcraftmy,sin_explorar,0.36284581953220835,sin explorar — sin canal resuelto,,,0,0,0,,1,1.0,30,Build Beyond,0
DoyoNosssFishing,https://www.youtube.com/@DoyoNosssFishing,sin_explorar,0.3628,sin explorar — predicción del modelo,15900,16192,0,0,0,,2,245.2,114386,Maexology,0
CarRestorations-USA,https://www.youtube.com/@CarRestorations-USA,sin_explorar,0.361,sin explorar — predicción del modelo,14400,93667,0,0,0,,1,1.6,79741,Life Rhythm TV,0
MattJordanWoodturning,https://www.youtube.com/@MattJordanWoodturning,sin_explorar,0.361,sin explorar — predicción del modelo,1280000,1939574,0,0,0,,1,0.0,2,H2 EcoTech,0
kustorez777,https://www.youtube.com/@kustorez777,sin_explorar,0.3606,sin explorar — predicción del modelo,175000,495016,0,0,0,,2,1.6,154,Renovation Rescue HD,0
Bochi,https://www.youtube.com/@Bochi,sin_explorar,0.3587711631006177,sin explorar — sin canal resuelto,,,0,0,0,,1,0.1,15751,Machine stage,0
DiscoverManufacturing,https://www.youtube.com/@DiscoverManufacturing,sin_explorar,0.3584,sin explorar — predicción del modelo,90200,230236,0,0,0,,1,0.6,659199,TechFreeze,0
Mechanicalskils,https://www.youtube.com/@Mechanicalskils,sin_explorar,0.3581,sin explorar — predicción del modelo,371000,750972,0,0,0,,1,0.8,43,FixNation,0
modustrial,https://www.youtube.com/@modustrial,sin_explorar,0.3578,sin explorar — predicción del modelo,996000,546188,0,0,0,,1,0.6,29,Epic Explore World,0
Ferincishin,https://www.youtube.com/@Ferincishin,sin_explorar,0.3570310628635389,sin explorar — sin canal resuelto,,,0,0,0,,1,1.0,19,Houseline Project,0
TimKatie,https://www.youtube.com/@TimKatie,sin_explorar,0.3563,sin explorar — predicción del modelo,108000,1025610,0,0,0,,1,0.3,1238,Namtum Makers,0
Damarsito,https://www.youtube.com/@Damarsito,sin_explorar,0.356,sin explorar — predicción del modelo,11500,4836,0,0,0,,1,75.9,505835,Smart Fox,0
enancinar,https://www.youtube.com/@enancinar,sin_explorar,0.3549,sin explorar — predicción del modelo,3360,12172,0,0,0,,5,77.2,514723,Smart Fox,1
PetaVillage,https://www.youtube.com/@PetaVillage,sin_explorar,0.3539949657274949,sin explorar — sin canal resuelto,,,0,0,0,,1,15.0,15,ArtisTech,0
AsbjornOlsenBerg,https://www.youtube.com/@AsbjornOlsenBerg,sin_explorar,0.3539949657274949,sin explorar — sin canal resuelto,,,0,0,0,,1,15.0,15,ArtisTech,0
restorationstools6447,https://www.youtube.com/@restorationstools6447,sin_explorar,0.3537,sin explorar — predicción del modelo,268000,287382,0,0,0,,1,2.4,135,FixNation,0
restorationUphone,https://www.youtube.com/@restorationUphone,sin_explorar,0.3536,sin explorar — predicción del modelo,754000,880505,0,0,0,,1,1.6,18,Crafted Hub,0
ATHOSOutdoorProspector,https://www.youtube.com/@ATHOSOutdoorProspector,sin_explorar,0.3532,sin explorar — predicción del modelo,1000000,629885,0,0,0,,1,0.5,20,RV-88,0
European_hometeading,https://www.youtube.com/@European_hometeading,sin_explorar,0.3528414307145771,sin explorar — sin canal resuelto,,,0,0,0,,1,0.1,40,HITECH,0
DeRusterGarage,https://www.youtube.com/@DeRusterGarage,sin_explorar,0.3526,sin explorar — predicción del modelo,266000,584435,0,0,0,,1,1.0,56,FixNation,0
petualangsumatera-ul5ml,https://www.youtube.com/@petualangsumatera-ul5ml,sin_explorar,0.3505,sin explorar — predicción del modelo,42800,235114,0,0,0,,2,2.4,1134,Maexology,0
JanCampLife,https://www.youtube.com/@JanCampLife,sin_explorar,0.35025225491691003,sin explorar — sin canal resuelto,,,0,0,0,,1,0.1,4971,MrS,0
CHUANQIENGINE,https://www.youtube.com/@CHUANQIENGINE,sin_explorar,0.3498,sin explorar — predicción del modelo,106000,390856,0,0,0,,1,2.2,224,Making Process,0
ARIA,https://www.youtube.com/@ARIA,sin_explorar,0.3488176153454232,sin explorar — sin canal resuelto,,,0,0,0,,1,0.0,324,Cabin In the Woods,0
DennisKoburge,https://www.youtube.com/@DennisKoburge,sin_explorar,0.3488176153454232,sin explorar — sin canal resuelto,,,0,0,0,,1,0.0,83,Car Test Channel,0
TAOutdoors,https://www.youtube.com/@TAOutdoors,sin_explorar,0.3484,sin explorar — predicción del modelo,2490000,623888,0,0,0,,1,0.0,13,H2 EcoTech,0
CampfireStories-d3t,https://www.youtube.com/@CampfireStories-d3t,sin_explorar,0.3483877557712467,sin explorar — sin canal resuelto,,,0,0,0,,1,0.2,8,Mr.RESTORIX,0
MeadowlarkLogHomes,https://www.youtube.com/@MeadowlarkLogHomes,sin_explorar,0.3479,sin explorar — predicción del modelo,8080,8704,0,0,0,,4,6.2,547733,Maker World,1
Rehabit8,https://www.youtube.com/@Rehabit8,sin_explorar,0.3477,sin explorar — predicción del modelo,46500,34125,0,0,0,,2,1.2,1229678,TechFreeze,0
annieandthevicarage,https://www.youtube.com/@annieandthevicarage,sin_explorar,0.3468,sin explorar — predicción del modelo,9730,7129,0,0,0,,1,35.9,239626,Smart Fox,0
paktech9707,https://www.youtube.com/@paktech9707,sin_explorar,0.3465,sin explorar — predicción del modelo,177000,298509,0,0,0,,1,0.4,1867,Professional Skills,0
hoangthichien1991ideahouse,https://www.youtube.com/@hoangthichien1991ideahouse,sin_explorar,0.3465,sin explorar — predicción del modelo,86000,96864,0,0,0,,1,1.7,1325,DIY UNIQUE CREATIONS,0
TheRestorer,https://www.youtube.com/@TheRestorer,sin_explorar,0.3463,sin explorar — predicción del modelo,363000,658971,0,0,0,,1,0.6,33,FixNation,0
NATRA2021,https://www.youtube.com/@NATRA2021,sin_explorar,0.3461,sin explorar — predicción del modelo,170000,2841627,0,0,0,,1,0.1,214,Professional Skills,0
WildSoloSurvival,https://www.youtube.com/@WildSoloSurvival,sin_explorar,0.345,sin explorar — predicción del modelo,93600,291347,0,0,0,,1,1.0,313,The Makers HD,0
Restavraciya,https://www.youtube.com/@Restavraciya,sin_explorar,0.3444,sin explorar — predicción del modelo,217000,115255,0,0,0,,2,7.0,395,FixNation,0
Bushradical,https://www.youtube.com/@Bushradical,sin_explorar,0.3431,sin explorar — predicción del modelo,1190000,667826,0,0,0,,1,9.0,9,ArtisTech,0
muhammadali77,https://www.youtube.com/@muhammadali77,sin_explorar,0.3418,sin explorar — predicción del modelo,35000,132897,0,0,0,,1,1.0,2215,Techno Fusion HD,0
mycustomgokart,https://www.youtube.com/@mycustomgokart,sin_explorar,0.3387,sin explorar — predicción del modelo,185000,640404,0,0,0,,1,0.1,135997,TechFreeze,0
MasonDixonAcres,https://www.youtube.com/@MasonDixonAcres,sin_explorar,0.3379,sin explorar — predicción del modelo,124000,61232,0,0,0,,2,0.7,164277,World Build,0
thanhtrieutv6231,https://www.youtube.com/@thanhtrieutv6231,sin_explorar,0.3365,sin explorar — predicción del modelo,876000,1062367,0,0,0,,1,0.0,0,Olivia Hunt,0
my-good-friends,https://www.youtube.com/@my-good-friends,sin_explorar,0.3353,sin explorar — predicción del modelo,27500,204731,0,0,0,,1,0.8,8733,Crafted Foundations,0
TriệuThịDuyên-b8b,https://www.youtube.com/@TriệuThịDuyên-b8b,sin_explorar,0.3325,sin explorar — predicción del modelo,5560,8214,0,0,0,,1,4.9,518934,Innovative Tech World,0
SimpleLifeBushcraft,https://www.youtube.com/@SimpleLifeBushcraft,sin_explorar,0.3308,sin explorar — predicción del modelo,246000,326717,0,0,0,,2,0.2,1489,Cabin In the Woods,0
SmoothGefixt,https://www.youtube.com/@SmoothGefixt,sin_explorar,0.3305,sin explorar — predicción del modelo,266000,182982,0,0,0,,1,2.1,75,BuildRecap TV,0
RuralCraftsmanship,https://www.youtube.com/@RuralCraftsmanship,sin_explorar,0.3291,sin explorar — predicción del modelo,70700,79347,0,0,0,,2,0.8,3359,Crafted Horizon,0
annasgmlindgren,https://www.youtube.com/@annasgmlindgren,sin_explorar,0.329,sin explorar — predicción del modelo,36800,31418,0,0,0,,1,1.0,1047164,TechFreeze,0
RAWConstructionASMR,https://www.youtube.com/@RAWConstructionASMR,sin_explorar,0.329,sin explorar — predicción del modelo,3770,21704,0,0,0,,1,2.8,270148,MrS,0
fazenda13aa,https://www.youtube.com/@fazenda13aa,sin_explorar,0.3288,sin explorar — predicción del modelo,8070,4025,0,0,0,,1,35.5,236963,Smart Fox,0
Diego_Leon,https://www.youtube.com/@Diego_Leon,sin_explorar,0.3279,sin explorar — predicción del modelo,175000,129779,0,0,0,,1,0.4,89147,BRAIN TIME VT,0
Elijah-House,https://www.youtube.com/@Elijah-House,sin_explorar,0.3272,sin explorar — predicción del modelo,6510,34335,0,0,0,,3,3.6,16747,Pro Build Master,0
TraplinesandInlines,https://www.youtube.com/@TraplinesandInlines,sin_explorar,0.3257,sin explorar — predicción del modelo,172000,95348,0,0,0,,1,0.7,231,The Makers HD,0
AloshaLynov,https://www.youtube.com/@AloshaLynov,sin_explorar,0.3252,sin explorar — predicción del modelo,34900,4672,0,0,0,,11,2.7,34912,TTI Build Stories ,2
WildxJournal,https://www.youtube.com/@WildxJournal,sin_explorar,0.3232,sin explorar — predicción del modelo,63900,83345,0,0,0,,1,0.9,718,DIY UNIQUE CREATIONS,0
amazingthingtechnology1595,https://www.youtube.com/@amazingthingtechnology1595,sin_explorar,0.3224,sin explorar — predicción del modelo,376000,949603,0,0,0,,1,0.8,4,Aether Labs Tech,0
seyyarhane,https://www.youtube.com/@seyyarhane,sin_explorar,0.3216,sin explorar — predicción del modelo,553000,317975,0,0,0,,1,0.0,30411,TechFreeze,0
kbmorozov,https://www.youtube.com/@kbmorozov,sin_explorar,0.3209,sin explorar — predicción del modelo,138000,52263,0,0,0,,1,0.5,524614,Makerium,0
alaskacabinadventures,https://www.youtube.com/@alaskacabinadventures,sin_explorar,0.3209,sin explorar — predicción del modelo,435000,501434,0,0,0,,1,1.3,12,Nova Builds HD,0
ThePasturedHomestead,https://www.youtube.com/@ThePasturedHomestead,sin_explorar,0.3204,sin explorar — predicción del modelo,191000,55691,0,0,0,,1,0.5,111939,Makers TV,0
ZoomInProcess,https://www.youtube.com/@ZoomInProcess,sin_explorar,0.3187,sin explorar — predicción del modelo,65700,1406815,0,0,0,,1,0.1,36,The Makers HD,0
AYACAMPING,https://www.youtube.com/@AYACAMPING,sin_explorar,0.3182,sin explorar — predicción del modelo,478000,367474,0,0,0,,1,1.2,14,Project Redline,0
yangsurvival,https://www.youtube.com/@yangsurvival,sin_explorar,0.3175,sin explorar — predicción del modelo,344000,730819,0,0,0,,1,1.4,7,Aether Labs Tech,0
WoodsandWondersCabin,https://www.youtube.com/@WoodsandWondersCabin,sin_explorar,0.3174,sin explorar — predicción del modelo,3690,5959,0,0,0,,12,5.0,279829,CabinCraft,3
Paullivesdifferent,https://www.youtube.com/@Paullivesdifferent,sin_explorar,0.316,sin explorar — predicción del modelo,15200,7410,0,0,0,,4,1.9,1544471,AKLA GELEN,0
theminiarchitect,https://www.youtube.com/@theminiarchitect,sin_explorar,0.3153,sin explorar — predicción del modelo,122000,655701,0,0,0,,1,1.4,23,Quantam Tech HD,0
LetsBuildAHouse,https://www.youtube.com/@LetsBuildAHouse,sin_explorar,0.3148,sin explorar — predicción del modelo,1960,4932,0,0,0,,23,26.2,353396,99Techspot,4
outdoorboy0,https://www.youtube.com/@outdoorboy0,sin_explorar,0.3142,sin explorar — predicción del modelo,19800,148231,0,0,0,,1,0.7,8961,TTI Build Stories ,0
RCPlayGround,https://www.youtube.com/@RCPlayGround,sin_explorar,0.3104,sin explorar — predicción del modelo,387000,57465,0,0,0,,2,4.4,75,Quantam Tech HD,0
electricsupercar,https://www.youtube.com/@electricsupercar,sin_explorar,0.3101,sin explorar — predicción del modelo,182000,37289,0,0,0,,1,0.5,15482,Lord Gizmo,0
LýPhúcNhi,https://www.youtube.com/@LýPhúcNhi,sin_explorar,0.3098,sin explorar — predicción del modelo,25300,52325,0,0,0,,1,0.9,8861,Quantum Build Studio,0
Lesnoy_Duyen,https://www.youtube.com/@Lesnoy_Duyen,sin_explorar,0.3096,sin explorar — predicción del modelo,72700,129208,0,0,0,,1,10.8,141,Creative Workshop DIY HD,0
lifeinruralthailand,https://www.youtube.com/@lifeinruralthailand,sin_explorar,0.3085,sin explorar — predicción del modelo,120000,47549,0,0,0,,1,0.6,3678,Smart Fox,0
Marshallclassic,https://www.youtube.com/@Marshallclassic,sin_explorar,0.3085,sin explorar — predicción del modelo,54900,116881,0,0,0,,3,0.5,3245,Smart Fox,0
RobsCarpentryAndWoodworks,https://www.youtube.com/@RobsCarpentryAndWoodworks,sin_explorar,0.3075,sin explorar — predicción del modelo,12900,147010,0,0,0,,2,0.6,509340,AKLA GELEN,0
JPMansionTours,https://www.youtube.com/@JPMansionTours,sin_explorar,0.3067,sin explorar — predicción del modelo,171000,177313,0,0,0,,1,0.2,2246,TTI Build Stories ,0
TractorsandCream,https://www.youtube.com/@TractorsandCream,sin_explorar,0.3065,sin explorar — predicción del modelo,12400,5362,0,0,0,,1,4.5,30043,Smart Fox,0
European_Homesteading,https://www.youtube.com/@European_Homesteading,sin_explorar,0.3059,sin explorar — predicción del modelo,6810,12488,0,0,0,,3,1.6,1341304,AKLA GELEN,0
gesithasgewissa,https://www.youtube.com/@gesithasgewissa,sin_explorar,0.3058,sin explorar — predicción del modelo,126000,177855,0,0,0,,1,1.0,49,Forge 7,0
StudPack,https://www.youtube.com/@StudPack,sin_explorar,0.3054,sin explorar — predicción del modelo,801000,305372,0,0,0,,1,0.0,0,Endresz Bist,0
RestorationsSkills6886,https://www.youtube.com/@RestorationsSkills6886,sin_explorar,0.3052,sin explorar — predicción del modelo,27600,25875,0,0,0,,4,1.0,4336,Professional Skills,0
TravelersTale,https://www.youtube.com/@TravelersTale,sin_explorar,0.3044,sin explorar — predicción del modelo,234000,330807,0,0,0,,1,0.0,3860,MrS,0
DungBushcraft-dq4cu,https://www.youtube.com/@DungBushcraft-dq4cu,sin_explorar,0.3041,sin explorar — predicción del modelo,108000,74515,0,0,0,,2,0.4,6089,Not Fake: fyp,0
TheLodgeGuys,https://www.youtube.com/@TheLodgeGuys,sin_explorar,0.3037,sin explorar — predicción del modelo,47000,17484,0,0,0,,1,0.9,28623,Lord Gizmo,0
GreasyFingers,https://www.youtube.com/@GreasyFingers,sin_explorar,0.3035,sin explorar — predicción del modelo,30400,35494,0,0,0,,1,0.9,5842,Smart Fox,0
woodysbarndominium,https://www.youtube.com/@woodysbarndominium,sin_explorar,0.3024,sin explorar — predicción del modelo,38200,45525,0,0,0,,1,0.7,59787,Maker World,0
user-Vozrozhdenie,https://www.youtube.com/@user-Vozrozhdenie,sin_explorar,0.302,sin explorar — predicción del modelo,32900,27307,0,0,0,,2,0.8,656603,AKLA GELEN,0
kevcatbuildit9478,https://www.youtube.com/@kevcatbuildit9478,sin_explorar,0.3015,sin explorar — predicción del modelo,5490,9352,0,0,0,,3,2.1,114766,CabinCraft,1
Life-in-Wild1,https://www.youtube.com/@Life-in-Wild1,sin_explorar,0.3006,sin explorar — predicción del modelo,602000,192140,0,0,0,,1,0.6,9,The Builder's Stage,0
thecoyotelab,https://www.youtube.com/@thecoyotelab,sin_explorar,0.2979,sin explorar — predicción del modelo,36800,513683,0,0,0,,1,0.2,509,Quantum Builders,0
AutoFinesseDetailing,https://www.youtube.com/@AutoFinesseDetailing,sin_explorar,0.2968,sin explorar — predicción del modelo,250000,70922,0,0,0,,1,0.8,47,FixNation,0
WildAngelBushcraft,https://www.youtube.com/@WildAngelBushcraft,sin_explorar,0.2964,sin explorar — predicción del modelo,24500,49749,0,0,0,,1,0.7,4957,Smart Fox,0
buildingroots5873,https://www.youtube.com/@buildingroots5873,sin_explorar,0.2958,sin explorar — predicción del modelo,8100,15134,0,0,0,,1,1.3,299426,BRAIN TIME VT,0
jmuller86,https://www.youtube.com/@jmuller86,sin_explorar,0.2935,sin explorar — predicción del modelo,211000,234125,0,0,0,,1,1.0,15,The Builder's Stage,0
skoolievanblog,https://www.youtube.com/@skoolievanblog,sin_explorar,0.2925,sin explorar — predicción del modelo,5310,3359,0,0,0,,2,8.4,60578,KLIFS TECH,0
DağKöyündeHayat,https://www.youtube.com/@DağKöyündeHayat,sin_explorar,0.292,sin explorar — predicción del modelo,49500,151949,0,0,0,,1,0.2,21405,Maker World,0
Lakimhue998,https://www.youtube.com/@Lakimhue998,sin_explorar,0.2916,sin explorar — predicción del modelo,139000,203848,0,0,0,,1,0.1,8156,Machine stage,0
skbushcraft,https://www.youtube.com/@skbushcraft,sin_explorar,0.2901,sin explorar — predicción del modelo,94600,663535,0,0,0,,1,0.0,90,Professional Skills,0
OlegDim,https://www.youtube.com/@OlegDim,sin_explorar,0.2898,sin explorar — predicción del modelo,74900,73379,0,0,0,,2,0.4,756,Clean & Restore Tech,0
nnkhmisc,https://www.youtube.com/@nnkhmisc,sin_explorar,0.287,sin explorar — predicción del modelo,37800,188890,0,0,0,,1,1.0,53,HybridBeast-X,0
lttivi,https://www.youtube.com/@lttivi,sin_explorar,0.2868,sin explorar — predicción del modelo,108000,75958,0,0,0,,2,0.2,2477,Quantum Build Studio,0
ForestHobby_,https://www.youtube.com/@ForestHobby_,sin_explorar,0.2866,sin explorar — predicción del modelo,32200,63795,0,0,0,,1,0.5,3772,Cabin In the Woods,0
BuildingVanLife,https://www.youtube.com/@BuildingVanLife,sin_explorar,0.2854,sin explorar — predicción del modelo,14900,20971,0,0,0,,2,0.9,27969,Lord Gizmo,0
emmanuel_sepulchre,https://www.youtube.com/@emmanuel_sepulchre,sin_explorar,0.2852,sin explorar — predicción del modelo,1100,4638,0,0,0,,1,4.2,401244,Off-Grid Paradise,0
RJLgardens,https://www.youtube.com/@RJLgardens,sin_explorar,0.2852,sin explorar — predicción del modelo,100000,316197,0,0,0,,1,0.0,2775,MrS,0
nialldivers,https://www.youtube.com/@nialldivers,sin_explorar,0.2831,sin explorar — predicción del modelo,1680,2938,0,0,0,,1,4.1,920644,World Build,0
TheLastSurvivor-7,https://www.youtube.com/@TheLastSurvivor-7,sin_explorar,0.283,sin explorar — predicción del modelo,12300,65570,0,0,0,,1,1.7,579,Buildra,0
emilyaisling,https://www.youtube.com/@emilyaisling,sin_explorar,0.2825,sin explorar — predicción del modelo,74100,118537,0,0,0,,1,0.7,41,FixNation,0
Rusty,https://www.youtube.com/@Rusty,sin_explorar,0.2819,sin explorar — predicción del modelo,156000,185588,0,0,0,,1,14.0,14,ArtisTech,0
amazingskillas,https://www.youtube.com/@amazingskillas,sin_explorar,0.2796,sin explorar — predicción del modelo,118000,137793,0,0,0,,1,0.1,426,Professional Skills,0
InfinityGarage-ig8py,https://www.youtube.com/@InfinityGarage-ig8py,sin_explorar,0.2792,sin explorar — predicción del modelo,47900,403962,0,0,0,,1,0.1,227,Namtum Makers,0
Gabe_Octane,https://www.youtube.com/@Gabe_Octane,sin_explorar,0.2789,sin explorar — predicción del modelo,1780,7452,0,0,0,,1,2.0,1625516,AKLA GELEN,0
DağKöyü,https://www.youtube.com/@DağKöyü,sin_explorar,0.2784,sin explorar — predicción del modelo,49500,151949,0,0,0,,1,0.2,153,Renov Master,0
CantContainUs,https://www.youtube.com/@CantContainUs,sin_explorar,0.2783,sin explorar — predicción del modelo,108000,72280,0,0,0,,1,2.1,41,SUN Channel,0
RenovationProcess,https://www.youtube.com/@RenovationProcess,sin_explorar,0.2779,sin explorar — predicción del modelo,212000,145401,0,0,0,,2,2.2,11,CONTENTS DISCOVERY,0
kandowild,https://www.youtube.com/@kandowild,sin_explorar,0.2767,sin explorar — predicción del modelo,11000,222397,0,0,0,,1,2.5,79,KORIX TECH,0
ChâteauduVot,https://www.youtube.com/@ChâteauduVot,sin_explorar,0.2765,sin explorar — predicción del modelo,1900,1104,0,0,0,,1,43.6,290543,Smart Fox,0
BushcraftAdventure,https://www.youtube.com/@BushcraftAdventure,sin_explorar,0.2756,sin explorar — predicción del modelo,35500,76232,0,0,0,,1,0.3,9446,Lord Gizmo,0
ThisLifeOutdoors,https://www.youtube.com/@ThisLifeOutdoors,sin_explorar,0.2754,sin explorar — predicción del modelo,25900,73445,0,0,0,,2,0.3,305671,Makerium,0
septemberflow,https://www.youtube.com/@septemberflow,sin_explorar,0.2751,sin explorar — predicción del modelo,4730,475,0,0,0,,3,6.0,6224054,TechFreeze,1
SurvivingAlone-i2j,https://www.youtube.com/@SurvivingAlone-i2j,sin_explorar,0.2721,sin explorar — predicción del modelo,32300,136666,0,0,0,,1,0.2,2016,Crafted Foundations,0
BordeauxLife,https://www.youtube.com/@BordeauxLife,sin_explorar,0.2713,sin explorar — predicción del modelo,183000,79877,0,0,0,,1,0.9,18,SUN Channel,0
ARKSurvivaleveloved-cc2tw,https://www.youtube.com/@ARKSurvivaleveloved-cc2tw,sin_explorar,0.2707,sin explorar — predicción del modelo,24600,74837,0,0,0,,1,1.7,95,FixNation,0
nikrijavec47,https://www.youtube.com/@nikrijavec47,probado_flojo,0.27,"ya probado, no despegó",585000,623154,1,1.98,5933277,Man Spends 7 Years Building DREAM Log House For His Family | By @nikrijavec47,13,2.9,2864141,Makerium,3
pevcev,https://www.youtube.com/@pevcev,probado_flojo,0.27,"ya probado, no despegó",364000,397240,1,1.96,5874371,Ingenious Metalworker Makes BIDIRECTIONAL Bolt | by @pevcev,0,,,,0
LesnoySpeed,https://www.youtube.com/@LesnoySpeed,probado_flojo,0.27,"ya probado, no despegó",206000,607720,2,1.95,5841718,Man Builds House with STONES and LOGS in the Mountain | Start to Finish by @LesnoySpeed,5,3.2,1012,The Makers HD,0
Anafishing22,https://www.youtube.com/@Anafishing22,probado_flojo,0.27,"ya probado, no despegó",87000,94169,1,1.94,5828984,Young Woman Uses PRIMITIVE FISHING TRAPS to Catch and Sell Tons of Fish | by @Anafishing22,0,,,,0
Outthegateoffroadnz,https://www.youtube.com/@Outthegateoffroadnz,probado_flojo,0.27,"ya probado, no despegó",8720,12296,1,1.9,5688853,Couple Converts Military Truck into Off-Road Camper | Start to Finish by @Outthegateoffroadnz,3,10.2,520433,Life Rhythm TV,0
petitcopeau,https://www.youtube.com/@petitcopeau,probado_flojo,0.27,"ya probado, no despegó",117000,38568,1,1.89,5682458,"Men Transform Abandoned French House Under $80,000 | Start to Finish by @petitcopeau",0,,,,0
MARVINAtmoss,https://www.youtube.com/@MARVINAtmoss,probado_flojo,0.27,"ya probado, no despegó",382000,275344,1,1.8,5386905,AMAZING BACKYARD TRANSFORMATION! Creating Luxury Garden in 4 Months | by @MARVINAtmoss,0,,,,0
Mr.TBushcraft,https://www.youtube.com/@Mr.TBushcraft,probado_flojo,0.27,"ya probado, no despegó",39600,52403,2,1.79,5362801,Man Builds DIY Villa In The Jungle | Start To Finish By @Mr.TBushcraft,0,,,,0
Construyendo-Juntos,https://www.youtube.com/@Construyendo-Juntos,probado_flojo,0.27,"ya probado, no despegó",43300,111036,1,1.79,5358946,Young Couple Builds DIY CONTAINER HOME With TERRACE | Start to Finish by @Construyendo-Juntos,8,9.2,2157970,BRAIN TIME VT,1
rlcmaker,https://www.youtube.com/@rlcmaker,probado_flojo,0.27,"ya probado, no despegó",9450,38067,2,1.78,5339998,Man Builds Amazing SWIMMING POOL in His Backyard | Start to Finish by @rlcmaker,1,1.8,30,Quantam Tech HD,0
RV-19,https://www.youtube.com/@RV-19,probado_flojo,0.27,"ya probado, no despegó",163000,629449,4,1.77,5317511,Man Restores 80-YEAR-OLD Tractor Back to New | Start to Finish by @RV-19,2,15.7,582,RV-88,0
CoggieBike,https://www.youtube.com/@CoggieBike,probado_flojo,0.27,"ya probado, no despegó",128000,383692,1,1.74,5221514,Man Turns RUSTY Old BIKE into High-End Beast | Start to Finish by @CoggieBike,0,,,,0
BushcraftSkills-02,https://www.youtube.com/@BushcraftSkills-02,probado_flojo,0.27,"ya probado, no despegó",34400,1012863,1,1.74,5209719,Woman Builds Hidden Underground Shelter in the Mountains in Just 90 Days | by @BushcraftSkills-02,0,,,,0
Worksandmechanic,https://www.youtube.com/@Worksandmechanic,probado_flojo,0.27,"ya probado, no despegó",8620,7784,1,1.72,5147449,Man Buys Old Ruin and Renovates it into Amazing Tiny HOUSE | Start to Finish by @Worksandmechanic,1,0.4,7,Quantam Tech HD,0
AircreteHarry,https://www.youtube.com/@AircreteHarry,probado_flojo,0.27,"ya probado, no despegó",50000,28964,1,1.7,5104522,Men Build DIY DOME CABIN Using Giant BALLOON and CONCRETE | Start to Finish by @AircreteHarry,0,,,,0
WesternPioneer,https://www.youtube.com/@WesternPioneer,probado_flojo,0.27,"ya probado, no despegó",44000,87928,2,1.69,5077842,Man Builds 1800s WESTERN Log Cabin Using Traditional Techniques | Full Process @WesternPioneer,3,0.1,12772,Maker World,0
homesteadingdays,https://www.youtube.com/@homesteadingdays,probado_flojo,0.27,"ya probado, no despegó",29000,63594,1,1.69,5071222,Man Renovates 100-Year-Old CABIN in 2 YEARS | Start to Finish by @homesteadingdays,7,95.6,102280,FuturisticTech,1
alex-wild,https://www.youtube.com/@alex-wild,probado_flojo,0.27,"ya probado, no despegó",384000,603820,1,1.67,5016800,Building the Biggest Log Cabin Hidden UNDERGROUND | by @alex-wild,4,8.4,2030976,Betelhem Tech,0
renkivain,https://www.youtube.com/@renkivain,probado_flojo,0.27,"ya probado, no despegó",27700,207427,1,1.66,4987838,This Man is The Most Skillful Heavy Equipment Operator Ever | By @renkivain,0,,,,0
TừSiêu_HậuCầnNghềBiển,https://www.youtube.com/@TừSiêu_HậuCầnNghềBiển,probado_flojo,0.27,"ya probado, no despegó",240000,34924,1,1.66,4976093,Men Repair Massive Wooden Ship Broken in Half | by @TừSiêu_HậuCầnNghềBiển,0,,,,0
xuanchieu-xp2ek,https://www.youtube.com/@xuanchieu-xp2ek,probado_flojo,0.27,"ya probado, no despegó",38600,28667,1,1.61,4820166,Woman Builds Farm Lake House in the Jungle in 365 Days | Start to Finish by @xuanchieu-xp2ek,0,,,,0
legion_craft,https://www.youtube.com/@legion_craft,probado_flojo,0.27,"ya probado, no despegó",12000,247930,1,1.59,4774822,Inexpensive House in 10 DAYS | Full Construction Process by @legion_craft,0,,,,0
bjornbrenton,https://www.youtube.com/@bjornbrenton,probado_flojo,0.27,"ya probado, no despegó",338000,682652,1,1.59,4767163,Man Builds ONE-YEAR LOG CABIN Deep in the Forest | Start to Finish by @bjornbrenton,24,55.4,6854459,Machine stage,6
BushcraftFarm1,https://www.youtube.com/@BushcraftFarm1,probado_flojo,0.27,"ya probado, no despegó",64000,132455,1,1.58,4743626,Man Spends 210 Days Building DREAM VILLA By River | Start To Finish By @BushcraftFarm1,0,,,,0
WanliParkDIY,https://www.youtube.com/@WanliParkDIY,probado_flojo,0.27,"ya probado, no despegó",1280,5036,1,1.56,4684580,Man Builds MINI HOGWARTS Castle with MOVING STAIRS in 2 YEARS | DIY by @WanliParkDIY,0,,,,0
woodjunkie_yt,https://www.youtube.com/@woodjunkie_yt,probado_flojo,0.27,"ya probado, no despegó",68000,202197,3,1.54,4616657,Family Builds Amazing Mountain House in 30 Months | Start to Finish Construction @woodjunkie_yt,7,57.9,782034,99Techspot,2
AlekseyKarpushkin,https://www.youtube.com/@AlekseyKarpushkin,probado_flojo,0.27,"ya probado, no despegó",4520,30747,1,1.53,4604920,Man Builds Hyperrealistic MEDIEVAL CASTLE with Plasticine in 1.5 Years | by @AlekseyKarpushkin,1,1.1,71473,Gear Tech HD,0
serkanbilgin27,https://www.youtube.com/@serkanbilgin27,probado_flojo,0.27,"ya probado, no despegó",494000,526398,4,1.49,4457001,Man Alone Builds Wooden HOUSE with Rooftop Terrace | Start to Finish @serkanbilgin27,12,36.4,368534,Quantum Build Studio,0
marcip,https://www.youtube.com/@marcip,probado_flojo,0.27,"ya probado, no despegó",242000,267081,1,1.45,4355159,Amazing Woodworking Techniques & Wood Joint Tips | Genius Wooden Connections | by @marcip,0,,,,0
YOGOMANinAK,https://www.youtube.com/@YOGOMANinAK,probado_flojo,0.27,"ya probado, no despegó",39600,22632,1,1.44,4331562,Man Builds Incredible Two-Story IGLOO at -47°F | Start to Finish by @YOGOMANinAK,2,0.3,235,TECHNOLOGY KBG,0
Advoko,https://www.youtube.com/@Advoko,probado_flojo,0.27,"ya probado, no despegó",1000000,2040780,1,1.43,4291972,Man Builds WATERWHEEL That Powers His Entire Log Cabin | Start to Finish by @Advoko,3,5.1,1250,Q Makers,0
zelworks,https://www.youtube.com/@zelworks,probado_flojo,0.27,"ya probado, no despegó",101000,81092,1,1.39,4157928,Man Buys Abandoned 4X4 For $600 And RESTORES It To New | Start To Finish By @zelworks,1,5.9,299947,Life Rhythm TV,0
trieuthihoa,https://www.youtube.com/@trieuthihoa,probado_flojo,0.27,"ya probado, no despegó",84300,53678,2,1.38,4140363,Young Woman Turns Empty Land into Huge Lake Farmhouse in 120 Days | Start to Finish @trieuthihoa,2,12.0,1279044,Innovative Tech World,0
JapaneseGardenTV,https://www.youtube.com/@JapaneseGardenTV,probado_flojo,0.27,"ya probado, no despegó",198000,127520,1,1.38,4132319,Men Build Traditional Japanese Garden Over 3 Years | Start to Finish by @JapaneseGardenTV,1,0.8,11042,TTI Build Stories ,0
Urchfab,https://www.youtube.com/@Urchfab,probado_flojo,0.27,"ya probado, no despegó",191000,84272,1,1.37,4102126,Man Makes a Race Car from a Classic Ford | by @Urchfab,1,6.8,88105,TTI Build Stories ,0
GuillaumeBayExplique,https://www.youtube.com/@GuillaumeBayExplique,probado_flojo,0.27,"ya probado, no despegó",28800,49828,1,1.35,4061942,Man Transforms RUINED HOUSE into a LUXURY LOFT | Start to Finish by @GuillaumeBayExplique,0,,,,0
lesnoy_offline3431,https://www.youtube.com/@lesnoy_offline3431,probado_flojo,0.27,"ya probado, no despegó",196000,508510,4,1.35,4059134,Two Men Build BIG LOG HOUSE in the Forest | Start to Finish @lesnoy_offline3431,4,2.5,2007,Renov Master,0
BushcraftIdeas-e9q,https://www.youtube.com/@BushcraftIdeas-e9q,probado_flojo,0.27,"ya probado, no despegó",180000,1141304,1,1.34,4014266,Man Builds Hidden UNDER-ROCK Home in the Jungle | Start to Finish by @BushcraftIdeas-e9q,5,2.9,5388,Construcciones Salvajes,0
loginnature856,https://www.youtube.com/@loginnature856,probado_flojo,0.27,"ya probado, no despegó",,,1,1.33,3994167,Family Builds 2-STORY LOG CABIN in the Forest in 3 YEARS | Start to Finish by @loginnature856,0,,,,0
theCarMechanicXiaoWu,https://www.youtube.com/@theCarMechanicXiaoWu,probado_flojo,0.27,"ya probado, no despegó",72000,274137,5,1.33,3985982,Man Repairs DESTROYED CAR From Scratch | Start to Finish by @theCarMechanicXiaoWu,3,3.1,904,Explore Creators ,0
Mar.lavender,https://www.youtube.com/@Mar.lavender,probado_flojo,0.27,"ya probado, no despegó",57900,58346,2,1.31,3932441,Couple Builds Amazing DIY CAMPERVAN | Start to Finish by @Mar.lavender,2,12.2,367848,Lord Gizmo,0
Borsch_TV,https://www.youtube.com/@Borsch_TV,probado_flojo,0.27,"ya probado, no despegó",378000,151038,1,1.3,3910692,How to Build a Cheap DIY Wooden House Step by Step | by @Borsch_TV,1,1.5,280154,Build Maker,0
imamttae7280,https://www.youtube.com/@imamttae7280,probado_flojo,0.27,"ya probado, no despegó",63800,141517,1,1.29,3879367,Man Builds GIANT Wood-Fired Brick Oven from SCRATCH | DIY project by @imamttae7280,1,32.6,425599,TTI Build Stories ,0
French_builder,https://www.youtube.com/@French_builder,probado_flojo,0.27,"ya probado, no despegó",39300,54278,1,1.29,3858709,Man Buys Old House and Renovates it Back to New in 3 YEARS | Start to Finish by @French_builder,2,2.8,656851,BRAIN TIME VT,0
MustaqimMuhammadHatta,https://www.youtube.com/@MustaqimMuhammadHatta,probado_flojo,0.27,"ya probado, no despegó",90300,117395,1,1.25,3762451,Man Turns Massive Water Tank into Amazing Boat | Start to Finish by @MustaqimMuhammadHatta,6,67.3,2029539,Lord Gizmo,2
TKCL,https://www.youtube.com/@TKCL,probado_flojo,0.27,"ya probado, no despegó",222000,30337,1,1.24,3711920,Man Transforms His Backyard with DIY OUTDOOR KITCHEN and POOL DECK | by @TKCL,0,,,,0
nikospropertyshow,https://www.youtube.com/@nikospropertyshow,probado_flojo,0.27,"ya probado, no despegó",287000,95612,2,1.23,3682833,"Man Spends $1,000,000 Building Three Amazing Houses | by @nikospropertyshow",3,38.8,142836,Namtum Makers,2
HansChan26,https://www.youtube.com/@HansChan26,probado_flojo,0.27,"ya probado, no despegó",509,7752,1,1.23,3682271,The INSANE Process Of Installing MASSIVE Wind Turbines | Start To Finish By @HansChan26,1,0.2,2679,TTI Build Stories ,0
lyhieuhieu2024,https://www.youtube.com/@lyhieuhieu2024,probado_flojo,0.27,"ya probado, no despegó",47800,65953,1,1.22,3655723,Woman Builds Self-Sufficient FARMHOUSE with Giant WATER WHEEL | Start to Finish @lyhieuhieu2024,0,,,,0
passionrenovation,https://www.youtube.com/@passionrenovation,probado_flojo,0.27,"ya probado, no despegó",394000,492454,1,1.21,3628274,Man Turns 3-Story Old House into MASSIVE LOFT | Renovation Start to Finish @passionrenovation,0,,,,0
BergstromGarage,https://www.youtube.com/@BergstromGarage,probado_flojo,0.27,"ya probado, no despegó",23300,41478,1,1.19,3570254,Man Turns Old Garage Into His Dream Workshop | Start to Finish by @BergstromGarage,5,5.1,5420,FuturisticTech,0
TurnThisToThat,https://www.youtube.com/@TurnThisToThat,probado_flojo,0.27,"ya probado, no despegó",3620,5956,1,1.17,3522159,"Man Builds Amazing DIY MICRO CAMPER Under $3,500 | Start to Finish by @TurnThisToThat",0,,,,0
willsvanadventures,https://www.youtube.com/@willsvanadventures,probado_flojo,0.27,"ya probado, no despegó",53200,11073,1,1.17,3501664,How to Build Low Cost & Easy DIY CAMPERVAN | Start to Finish by @willsvanadventures,0,,,,0
mesoptv,https://www.youtube.com/@mesoptv,probado_flojo,0.27,"ya probado, no despegó",37200,151373,1,1.15,3465751,Young Couple Buys Old Country House and Renovates it Back to New | Start to Finish by @mesoptv,0,,,,0
project.restoration,https://www.youtube.com/@project.restoration,probado_flojo,0.27,"ya probado, no despegó",8600,27596,1,1.13,3404274,Couple Turns Abandoned Shed Into Cozy Home | Full Renovation by @project.restoration,0,,,,0
TheOffGridExperience,https://www.youtube.com/@TheOffGridExperience,probado_flojo,0.27,"ya probado, no despegó",87400,125952,1,1.11,3345529,Man Builds 2-Story Lodge in the Forest | Start to Finish by @TheOffGridExperience,5,4.9,473252,MrS,0
ameirochannel5785,https://www.youtube.com/@ameirochannel5785,probado_flojo,0.27,"ya probado, no despegó",55700,170774,1,1.11,3330857,Restoring Car Abandoned for 10 Years | Will it Start? | by @ameirochannel5785,0,,,,0
QuickCuts,https://www.youtube.com/@QuickCuts,probado_flojo,0.27,"ya probado, no despegó",161000,243936,1,1.1,3313855,TWO MEN Transform a Massive 9-Year Overgrown Jungle Into an Amazing Garden | by @QuickCuts,3,3.4,4381,Rebuilding HD,0
ruinenrozes3939,https://www.youtube.com/@ruinenrozes3939,probado_flojo,0.27,"ya probado, no despegó",29000,42462,1,1.06,3178239,Amazing Renovation of a Destroyed House | by @ruinenrozes3939,0,,,,0
PacificNorthwestHillbilly,https://www.youtube.com/@PacificNorthwestHillbilly,probado_flojo,0.27,"ya probado, no despegó",157000,312382,1,1.05,3143837,Man Spends 2 YEARS Restoring Abandoned BULLDOZER | CAT Rebuild by @PacificNorthwestHillbilly,1,3.6,185916,Life Rhythm TV,0
RochaKRG,https://www.youtube.com/@RochaKRG,probado_flojo,0.27,"ya probado, no despegó",986000,231167,2,1.04,3133355,Man Builds 7-Cylinder Engine in 500 Hours | Start to Finish by @RochaKRG,0,,,,0
OffgridwithJayandJen,https://www.youtube.com/@OffgridwithJayandJen,probado_flojo,0.27,"ya probado, no despegó",87400,25371,2,1.03,3084984,Couple Builds OFF-GRID CABIN in the Michigan Forest | Start to Finish by @OffgridwithJayandJen,1,1.0,88380,Maker World,0
UlilEbell,https://www.youtube.com/@UlilEbell,probado_flojo,0.27,"ya probado, no despegó",380000,1696743,1,1.0,3015604,Man Builds TWO-STORY Bamboo Cabin in the Jungle in JUST 3 Days | Start to Finish @UlilEbell,2,0.6,6386,Quantum Build Studio,0
adrianwoodworm,https://www.youtube.com/@adrianwoodworm,probado_flojo,0.27,"ya probado, no despegó",11200,12938,1,1.0,3007705,Man Builds DIY Houseboat From Scratch | Start to Finish by @adrianwoodworm,5,2.6,8213,Quantum Builders,0
Lautodidacte2.0,https://www.youtube.com/@Lautodidacte2.0,probado_flojo,0.27,"ya probado, no despegó",84800,57342,1,1.0,2994349,Man Buys 1970s House and Renovates it Back to New in 2 Years | Start to Finish @Lautodidacte2.0,1,0.5,113852,BRAIN TIME VT,0
LyThiHoa1987,https://www.youtube.com/@LyThiHoa1987,probado_flojo,0.27,"ya probado, no despegó",47200,79840,1,0.99,2984497,Woman Builds Off-Grid Wooden House on an ISLAND in 120 Days | Start to Finish @LyThiHoa1987,0,,,,0
igor10.22,https://www.youtube.com/@igor10.22,probado_flojo,0.27,"ya probado, no despegó",329000,510296,1,0.98,2943340,Man Builds DIY Off-Road Motorcycle From Old Bike Parts | Start to Finish by @igor10.22,0,,,,0
HammerSound-1,https://www.youtube.com/@HammerSound-1,probado_flojo,0.27,"ya probado, no despegó",479000,1206518,1,0.97,2921025,Genius Woodworking Tips & Hacks That Work Extremely Well | by @HammerSound-1,0,,,,0
Food-Kingdom,https://www.youtube.com/@Food-Kingdom,probado_flojo,0.27,"ya probado, no despegó",5410000,1607278,1,0.97,2904100,How World's TOP Seafood Is Processed into Stunning Dishes | Premium Preparation by @Food-Kingdom,0,,,,0
TriệuLuyến8386,https://www.youtube.com/@TriệuLuyến8386,probado_flojo,0.27,"ya probado, no despegó",243000,82805,1,0.95,2859832,Young Woman Builds DREAM VILLA in the Jungle in 10 months | Start to Finish by @TriệuLuyến8386,0,,,,0
forestpaths,https://www.youtube.com/@forestpaths,probado_flojo,0.27,"ya probado, no despegó",81500,132290,2,0.92,2775230,Man Digs a Hole in the Forest and Turns it Into an Amazing CABIN | Start to Finish @forestpaths,3,1.5,122,BI HD,0
Wood_Wolf,https://www.youtube.com/@Wood_Wolf,probado_flojo,0.27,"ya probado, no despegó",110000,268166,2,0.92,2748036,Man Builds 2-STORY WOOD HOUSE in the Forest | Start to Finish @Wood_Wolf,3,1.0,55,Restoration II,0
OficinaGaragem,https://www.youtube.com/@OficinaGaragem,probado_flojo,0.27,"ya probado, no despegó",1510000,138065,1,0.91,2728193,Easy DIY Water Pump With PVC and a Bike | Homemade Engineering | by @OficinaGaragem,0,,,,0
Motorizando,https://www.youtube.com/@Motorizando,probado_flojo,0.27,"ya probado, no despegó",340000,188116,2,0.91,2722519,Man Builds Amazing Go-Kart From an Old Toy Car! | Start to Finish by @Motorizando,3,0.4,42,Renovation Rescue HD,0
ShoyanJapaneseCarpenter,https://www.youtube.com/@ShoyanJapaneseCarpenter,probado_flojo,0.27,"ya probado, no despegó",526000,258647,1,0.9,2705771,Master Carpenter Builds Traditional Japanese Home in 7 Months | by @ShoyanJapaneseCarpenter,1,30.5,537276,Rustic Roots Build,0
aroom,https://www.youtube.com/@aroom,probado_flojo,0.27,"ya probado, no despegó",112000,120699,1,0.89,2668420,Young Woman Upgrades Her Entire Apartment Using Only DIY | Start to Finish by @aroom,0,,,,0
LizziCamp97,https://www.youtube.com/@LizziCamp97,probado_flojo,0.27,"ya probado, no despegó",10700,133253,1,0.88,2653750,Survival Expert Builds 3 Amazing Shelters in the Forest | Start to Finish by @LizziCamp97,1,0.5,6485,TTI Build Stories ,0
ChadsCustomCreations,https://www.youtube.com/@ChadsCustomCreations,probado_flojo,0.27,"ya probado, no despegó",95200,33663,1,0.88,2635968,Man Spends $7000 Building Amazing Backyard Swimming Pool | by @ChadsCustomCreations,1,1.4,24,Quantam Tech HD,0
BibiaBus,https://www.youtube.com/@BibiaBus,probado_flojo,0.27,"ya probado, no despegó",5710,3565,1,0.87,2623495,DIY School Bus Conversion to an Amazing Off-Grid Home | by @BibiaBus,3,0.4,1841,22TechZoom,0
BrickMeet,https://www.youtube.com/@BrickMeet,probado_flojo,0.27,"ya probado, no despegó",296000,206955,1,0.87,2615084,"Man Builds Hyperrealistic LEGO TANKS to the Last Detail | 13,000 Pieces by @BrickMeet",0,,,,0
MrBuildit,https://www.youtube.com/@MrBuildit,probado_flojo,0.27,"ya probado, no despegó",1020000,282052,2,0.87,2609455,"Man Transforms ABANDONED HOUSE with DIY and Saves Over $60,000 | Start to Finish by @MrBuildit",4,19.8,258871,TTI Build Stories ,0
Ytcrop,https://www.youtube.com/@Ytcrop,probado_flojo,0.27,"ya probado, no despegó",423000,3492321,1,0.85,2563934,Man Builds Non-Electrical High Pressure DIY Water Pump that Shoots Water 100 Meters! | by @Ytcrop,1,0.3,1177,Namtum Makers,0
tyap-lyap,https://www.youtube.com/@tyap-lyap,probado_flojo,0.27,"ya probado, no despegó",153000,59539,1,0.85,2550561,Man Turns Ruined Garage into Amazing Workshop | Start to Finish by @tyap-lyap,1,0.7,21302,Lord Gizmo,0
Bochi-Hut,https://www.youtube.com/@Bochi-Hut,probado_flojo,0.27,"ya probado, no despegó",3200,2253,1,0.85,2547400,Old Man Builds JAPANESE ROUND CABIN and Adds a CONTAINER WORKSHOP | Start to Finish by @Bochi-Hut,8,3.3,2676427,AKLA GELEN,2
MLG_mylittlegarage,https://www.youtube.com/@MLG_mylittlegarage,probado_flojo,0.27,"ya probado, no despegó",21600,323869,1,0.83,2500762,Man Builds 2-Car Garage WITH CAR LIFT in 6 Months | Start to Finish by @MLG_mylittlegarage,2,122.6,42125,Lynsey Windon,1
BudaBushcraft,https://www.youtube.com/@BudaBushcraft,probado_flojo,0.27,"ya probado, no despegó",8210,118751,1,0.82,2456304,Man Builds Log Shelters Under Fallen Trees for Winter Survival | Start to Finish By @BudaBushcraft,2,1.5,363817,Epic Timeline,0
HitoriDiy,https://www.youtube.com/@HitoriDiy,probado_flojo,0.27,"ya probado, no despegó",321000,458054,1,0.81,2436008,"Man Turns $4,800 Japanese Old House Back to New | Full Renovation by @HitoriDiy",0,,,,0
OficinadoParma,https://www.youtube.com/@OficinadoParma,probado_flojo,0.27,"ya probado, no despegó",22100,37826,1,0.8,2411165,Man Builds Hyperealistic F1 CAR Replica At Scale | 1988 McLaren by @OficinadoParma,1,1.4,24,Quantam Tech HD,0
VinyB57,https://www.youtube.com/@VinyB57,probado_flojo,0.27,"ya probado, no despegó",115000,138567,1,0.79,2358941,Man Builds Drifting Car From Old Racing Motorcycle | Start to Finish by @VinyB57,0,,,,0
Needs.Detail,https://www.youtube.com/@Needs.Detail,probado_flojo,0.27,"ya probado, no despegó",8320,99835,1,0.78,2343066,How Professionals Deep Clean a BMW With a Filthy Interior | First Wash in Years by @Needs.Detail,2,177.6,82858,Maexology,0
EveryotherKarl,https://www.youtube.com/@EveryotherKarl,probado_flojo,0.27,"ya probado, no despegó",20900,25305,1,0.77,2320455,"Man Builds DIY BACKYARD Tiny House for $7,500 | Start to Finish by @EveryotherKarl",2,1.4,1797,Rebuilding HD,0
ppeppefamily,https://www.youtube.com/@ppeppefamily,probado_flojo,0.27,"ya probado, no despegó",147000,121533,1,0.75,2250039,Retired Couple Turns Pickup Truck into Amazing CAMPER | DIY Start to Finish by @ppeppefamily,2,1.0,846276,AKLA GELEN,0
AlexBushcraftmyWorld,https://www.youtube.com/@AlexBushcraftmyWorld,probado_flojo,0.27,"ya probado, no despegó",38500,70535,1,0.74,2216416,Man Digs a Cave in the Mountain that Fails and Then Builds a Reed Shelter by @AlexBushcraftmyWorld,1,1.0,9292,Buildora,0
the-process,https://www.youtube.com/@the-process,probado_flojo,0.27,"ya probado, no despegó",294000,481094,1,0.73,2205341,Top 3 Incredible Traditional Japanese Craftsmanship Processes | by @the-process,0,,,,0
lamaisondagonay4820,https://www.youtube.com/@lamaisondagonay4820,probado_flojo,0.27,"ya probado, no despegó",3920,11506,1,0.73,2199089,"Father and Son Build a House Under $70,000 in ONLY 4 Months | Start to Finish @lamaisondagonay4820",1,3.1,40245,TTI Build Stories ,0
kryptojdm,https://www.youtube.com/@kryptojdm,probado_flojo,0.27,"ya probado, no despegó",3460,37149,1,0.71,2135561,Man Restores CLASSIC Japanese Sports Cars | From Start to Finish by @KryPtoJDM,1,0.1,1878,TTI Build Stories ,0
tickcreekranch,https://www.youtube.com/@tickcreekranch,probado_flojo,0.27,"ya probado, no despegó",259000,117817,1,0.68,2047323,Family Builds Amazing STORM SHELTER Underground | by @tickcreekranch,0,,,,0
crazybushcraft,https://www.youtube.com/@crazybushcraft,probado_flojo,0.27,"ya probado, no despegó",71900,101056,1,0.68,2045574,Man Builds Off-Grid TREEHOUSE With Watermill | Start to Finish by @crazybushcraft,3,23.6,1892,BI HD,0
emmamaertens,https://www.youtube.com/@emmamaertens,probado_flojo,0.27,"ya probado, no despegó",24800,45092,1,0.67,2009049,Daughter and Father Turn Bus into a DREAM HOME on Wheels | Start to Finish by @emmamaertens,0,,,,0
BudgiCamper,https://www.youtube.com/@BudgiCamper,probado_flojo,0.27,"ya probado, no despegó",25000,1075695,1,0.66,1987164,Man Builds An Amazing DIY CAMPERVAN | Start To Finish By @BudgiCamper,1,1.0,50887,Life Rhythm TV,0
ShayterAndrey,https://www.youtube.com/@ShayterAndrey,probado_flojo,0.27,"ya probado, no despegó",623000,411075,1,0.66,1977380,Man Makes Genius Handyman Inventions & Homemade Tools || @ShayterAndrey,0,,,,0
homemadecreativee,https://www.youtube.com/@homemadecreativee,probado_flojo,0.27,"ya probado, no despegó",465000,409124,1,0.66,1976170,Man Builds 7 Seater Bike-Bus Powered by Solar Energy | by @homemadecreativee,1,0.4,12197,Lord Gizmo,0
TheTravelingTogetherJournal,https://www.youtube.com/@TheTravelingTogetherJournal,probado_flojo,0.27,"ya probado, no despegó",23800,20022,2,0.66,1972756,Man Builds Amazing 4x4 Truck CAMPER | Start to Finish Conversion by @TheTravelingTogetherJournal,0,,,,0
guillaumeenbourgogne,https://www.youtube.com/@guillaumeenbourgogne,probado_flojo,0.27,"ya probado, no despegó",7060,9673,2,0.64,1919715,Man Renovates OLD FARMHOUSE in 3 years and Gives it a New Life | by @guillaumeenbourgogne,0,,,,0
MRNVCDIY,https://www.youtube.com/@MRNVCDIY,probado_flojo,0.27,"ya probado, no despegó",221000,203599,1,0.63,1888759,Man Spends 7 Months Restoring a Soviet Motorcycle Back to New | Start to Finish by @MRNVCDIY,0,,,,0
ChopShopCrew,https://www.youtube.com/@ChopShopCrew,probado_flojo,0.27,"ya probado, no despegó",21100,298822,1,0.62,1863362,Man Builds CYBER TRUCK CAMPER From A $600 Trailer | Start To Finish By @ChopShopCrew,3,39.4,284707,KLIFS TECH,0
wheelxlab,https://www.youtube.com/@wheelxlab,probado_flojo,0.27,"ya probado, no despegó",10200,23059,1,0.62,1860742,Man Builds Sport Motorcycle from Scratch in 120 DAYS | Start to Finish by @wheelxlab,1,0.2,181192,TechFreeze,0
serengytech,https://www.youtube.com/@serengytech,probado_flojo,0.27,"ya probado, no despegó",77800,281150,1,0.61,1829077,This Man Makes the Smallest Tools in the World! | by @serengytech,0,,,,0
thomasjelpel,https://www.youtube.com/@thomasjelpel,probado_flojo,0.27,"ya probado, no despegó",41900,137272,1,0.6,1813394,Men Turns Massive Log into Amazing CANOE | Start to Finish Build by @thomasjelpel,0,,,,0
RestoreIt,https://www.youtube.com/@RestoreIt,probado_flojo,0.27,"ya probado, no despegó",546000,453118,1,0.6,1811327,Man Restores Rusty 1950s Pedal Tractor Back To Life | Start To Finish By @RestoreIt,0,,,,0
OMGscaleworks,https://www.youtube.com/@OMGscaleworks,probado_flojo,0.27,"ya probado, no despegó",63900,51827,1,0.6,1798520,Man Builds Hyperrealistic F1 RACING CAR at Scale | McLaren Replica by ‪@OMGscaleworks,1,0.2,82,Maexology,0
aladdinjammal,https://www.youtube.com/@aladdinjammal,probado_flojo,0.27,"ya probado, no despegó",130000,91319,1,0.6,1786380,Young Couple Builds LUXURY BACKYARD with Swimming Pool | Start to Finish by @aladdinjammal,0,,,,0
NDWoodArt,https://www.youtube.com/@NDWoodArt,probado_flojo,0.27,"ya probado, no despegó",3520000,7052164,2,0.56,1687190,Dad Crafts Amazing Wooden Replicas of LUXURY Vehicles for his Son  | by @NDWoodArt,4,2.1,108677,Life Rhythm TV,0
gino.varisano,https://www.youtube.com/@gino.varisano,probado_flojo,0.27,"ya probado, no despegó",1830,24645,1,0.56,1682277,Building Amazing DIY Wood SHED | Backyard Project From Start to Finish by @gino.varisano,2,0.7,63399,Maker World,0
DiesInEveryFilm,https://www.youtube.com/@DiesInEveryFilm,probado_flojo,0.27,"ya probado, no despegó",732000,361354,1,0.56,1671936,Man Crafts Amazing WEAPONS Using Old METAL PARTS | by @DiesInEveryFilm,0,,,,0
PrimitiveSkillsnet,https://www.youtube.com/@PrimitiveSkillsnet,probado_flojo,0.27,"ya probado, no despegó",1190000,572153,1,0.55,1638799,Man Builds LUXURY VILLA With Waterfall In The Wild | Start to Finish by @PrimitiveSkillsnet,2,0.5,411,Renov Master,0
AdventuresHappen,https://www.youtube.com/@AdventuresHappen,probado_flojo,0.27,"ya probado, no despegó",11700,7782,1,0.54,1626157,Man Builds Amazing DIY CAMPERVAN | Start to Finish Conversion by @AdventuresHappen,1,3.8,50122,TTI Build Stories ,0
2TDIY,https://www.youtube.com/@2TDIY,probado_flojo,0.27,"ya probado, no despegó",189000,331257,2,0.54,1616891,Man Builds Amazing 2x2 MOTORBIKES in His Garage | Start to Finish by @2TDIY,0,,,,0
woodenart-unlimited7375,https://www.youtube.com/@woodenart-unlimited7375,probado_flojo,0.27,"ya probado, no despegó",154000,218262,1,0.51,1529246,Man Crafts Classic RIFLE GUN Slingshots | Start to Finish by @woodenart-unlimited7375,0,,,,0
Kampkolik,https://www.youtube.com/@Kampkolik,probado_flojo,0.27,"ya probado, no despegó",181000,246267,1,0.5,1485741,Man Builds Amazing Wood House Only Using Hand Tools! | Start to Finish by @Kampkolik,0,,,,0
ShopNation,https://www.youtube.com/@ShopNation,probado_flojo,0.27,"ya probado, no despegó",458000,284832,1,0.49,1460876,"Man Builds $17,000 DIY Tiny House-Style Shed in His Backyard | Start to Finish by @ShopNation",1,0.5,686,Rebuilding HD,0
Thatboatdude,https://www.youtube.com/@Thatboatdude,probado_flojo,0.27,"ya probado, no despegó",1250,8109,1,0.48,1442289,Man Restores Old Boat in His Garage and Brings It Back to Life | Start to Finish @Thatboatdude,0,,,,0
A4Garage,https://www.youtube.com/@A4Garage,probado_flojo,0.27,"ya probado, no despegó",146000,181094,1,0.47,1407255,Man Builds CLASSIC Mercedes-Benz in Miniature in 5 Months | 300SL GULLWING by @A4Garage,0,,,,0
GoldsConcrete,https://www.youtube.com/@GoldsConcrete,probado_flojo,0.27,"ya probado, no despegó",8570,14282,1,0.46,1395476,Digging Out 100 TONS of Soil in 5 Months to Build a Basement Under a House by @GoldsConcrete,0,,,,0
woodartisanart,https://www.youtube.com/@woodartisanart,probado_flojo,0.27,"ya probado, no despegó",16800,219462,1,0.46,1389750,Man Builds Hyperrealistic Soviet TANK Out of Wood | T-34 Replica by @woodartisanart,0,,,,0
SurvivalFarNorth,https://www.youtube.com/@SurvivalFarNorth,probado_flojo,0.27,"ya probado, no despegó",14000,15743,1,0.46,1375382,Man Builds an OFF-GRID Cabin Alone in the Wild North | Start to Finish by @SurvivalFarNorth,2,10.3,68561,Smart Fox,0
umelec-diy,https://www.youtube.com/@umelec-diy,probado_flojo,0.27,"ya probado, no despegó",644000,350050,2,0.46,1370463,Handyman Tips & Hacks That Work Extremely Well | by @umelec-diy,0,,,,0
LyTieuToan,https://www.youtube.com/@LyTieuToan,probado_flojo,0.27,"ya probado, no despegó",121000,110428,1,0.46,1370032,Young Woman Builds DIY CABIN with SWIMMING POOL | Start to Finish by @LyTieuToan,1,0.7,11,Quantam Tech HD,0
Msyang,https://www.youtube.com/@Msyang,probado_flojo,0.27,"ya probado, no despegó",234000,711076,1,0.45,1343691,Young Woman Builds a Survival Shelter in the Wild | Start to Finish by @Msyang,0,,,,0
norsetoalaska,https://www.youtube.com/@norsetoalaska,probado_flojo,0.27,"ya probado, no despegó",9740,176664,1,0.43,1291563,Man Builds Wood Cabin in the ALASKAN Wilderness | by @norsetoalaska,3,7.8,691642,Maker World,1
WDDetailing,https://www.youtube.com/@WDDetailing,probado_flojo,0.27,"ya probado, no despegó",1840000,1341753,1,0.43,1281976,Man DEEP CLEANS the Dirtiest LUXURY CARS Ever | by @WDDetailing,0,,,,0
RoughStyle,https://www.youtube.com/@RoughStyle,probado_flojo,0.27,"ya probado, no despegó",40000,40821,1,0.43,1281119,Old Man Builds DIY Log Cabin With Fire Pit In The Forest | Full Process by @RoughStyle,8,7.6,669567,Maker World,1
woodenren,https://www.youtube.com/@woodenren,probado_flojo,0.27,"ya probado, no despegó",209000,134740,1,0.42,1274190,How to make Arrows and Bow from BAMBOO | Japanese Joinery by @woodenren​,0,,,,0
bonbonscalemodel,https://www.youtube.com/@bonbonscalemodel,probado_flojo,0.27,"ya probado, no despegó",49000,231965,2,0.41,1232258,Man Builds Hyperrealistic Ferrari Car at Scale | Miniature Build by @bonbonscalemodel,1,1.5,26,Quantam Tech HD,0
machikane_base,https://www.youtube.com/@machikane_base,probado_flojo,0.27,"ya probado, no despegó",18500,77737,1,0.41,1225745,Man Builds Amazing WORKSHOP With Garden In His Backyard | Start To Finish By @machikane_base,0,,,,0
MarkoRoolaid,https://www.youtube.com/@MarkoRoolaid,probado_flojo,0.27,"ya probado, no despegó",38900,14091,1,0.39,1174673,Man Builds Hyperrealistic RC AIRPLANE at Scale in 4 Months | Start to Finish by @MarkoRoolaid,1,5.5,166338,Lord Gizmo,0
OkahachiRenovation,https://www.youtube.com/@OkahachiRenovation,probado_flojo,0.27,"ya probado, no despegó",26900,83292,1,0.38,1148352,Man Buys 40-Year Old House and Renovates it Back to New | Start to Finish by @OkahachiRenovation,1,0.1,2014,TTI Build Stories ,0
NicoleMichaelDIY,https://www.youtube.com/@NicoleMichaelDIY,probado_flojo,0.27,"ya probado, no despegó",157000,147642,1,0.38,1138409,Mother Builds DIY SWIMMING POOL For Kids In The Backyard | Start To Finish By @NicoleMichaelDIY,0,,,,0
mlgkontejneri3283,https://www.youtube.com/@mlgkontejneri3283,probado_flojo,0.27,"ya probado, no despegó",19900,270760,1,0.36,1092025,Building 2-Floors Shipping Container Home with Amazing Terrace | Start to Finish @mlgkontejneri3283,5,50.5,157354,Quantum Builders,1
ildar174,https://www.youtube.com/@ildar174,probado_flojo,0.27,"ya probado, no despegó",8,0,1,0.36,1075495,Man Builds DIY Tractor at HOME from Scratch | Start to Finish by @ildar174-,0,,,,0
XuanFreeLife5688,https://www.youtube.com/@XuanFreeLife5688,probado_flojo,0.27,"ya probado, no despegó",21700,42621,1,0.35,1061465,Young Woman Builds FARMHOUSE in the Jungle in 1 Year | Start to Finish by @XuanFreeLife5688,2,2.8,976,Lynsey Windon,0
odo_diy,https://www.youtube.com/@odo_diy,probado_flojo,0.27,"ya probado, no despegó",81200,211122,1,0.34,1021826,Man Buys Ruined Apartments and Renovates Them Back To New | Start to Finish by @odo_diy,1,0.2,3293,TTI Build Stories ,0
MidwestMagicCleaning,https://www.youtube.com/@MidwestMagicCleaning,probado_flojo,0.27,"ya probado, no despegó",889000,197268,1,0.34,1013289,Cleaning the DIRTIEST HOUSE in the World | BIOHAZARD by @MidwestMagicCleaning,0,,,,0
Akira_OA,https://www.youtube.com/@Akira_OA,probado_flojo,0.27,"ya probado, no despegó",487,5267,1,0.34,1011271,Man Builds Superlight Flying Car in 6 Months | Start to Finish by @Akira_OA,2,0.3,4065,TTI Build Stories ,0
loanquevn,https://www.youtube.com/@loanquevn,probado_flojo,0.27,"ya probado, no despegó",20100,24087,1,0.33,1003310,Friends Build Off-Grid BAMBOO HOUSE in Just 90 Days | Start to Finish @loanquevn,0,,,,0
thinkwilderness,https://www.youtube.com/@thinkwilderness,probado_flojo,0.27,"ya probado, no despegó",11300,213892,1,0.33,1000822,Man Builds Survival STONE SHELTER in the Forest | Start to Finish by @thinkwilderness   ​,4,0.5,5993,TTI Build Stories ,0
VideoGustav,https://www.youtube.com/@VideoGustav,probado_flojo,0.27,"ya probado, no despegó",40900,108167,1,0.33,986368,"Friends Build IMPRESSIVE 40-Foot BOAT From Scrap | ""Regusta C"" Project @VideoGustav",0,,,,0
sorayume_satogaeri,https://www.youtube.com/@sorayume_satogaeri,probado_flojo,0.27,"ya probado, no despegó",132000,115335,1,0.32,957149,Young Man Transforms Abandoned House Into Dream Workshop | @sorayume_satogaeri,0,,,,0
mrlambdarenove,https://www.youtube.com/@mrlambdarenove,probado_flojo,0.27,"ya probado, no despegó",5620,13467,1,0.31,932341,Man Buys RUINED HOUSE and Brings It Back to Life | Start to Finish @mrlambdarenove,0,,,,0
normalguydoesitall,https://www.youtube.com/@normalguydoesitall,probado_flojo,0.27,"ya probado, no despegó",35700,75250,1,0.3,909015,Building Amazing DIY Wood Pallet Barn Step-by-Step | by @normalguydoesitall,10,251.2,783087,Quantum Builders,1
kobayashi-kenko,https://www.youtube.com/@kobayashi-kenko,probado_flojo,0.27,"ya probado, no despegó",64500,130960,1,0.29,869705,Experts Build Stunning TEMPLE BELL TOWER with Traditional Woodworking | by @kobayashi-kenko,0,,,,0
PrimitiveTool,https://www.youtube.com/@PrimitiveTool,probado_flojo,0.27,"ya probado, no despegó",4910000,3610670,1,0.29,866101,Brothers Build Underground SWIMMING POOL In Jungles With Living Room | Process By @PrimitiveTool,0,,,,0
CleanupRelax,https://www.youtube.com/@CleanupRelax,probado_flojo,0.27,"ya probado, no despegó",75500,180661,2,0.29,861088,Volunteers Transform Old Lady’s Overgrown House for Free | by @CleanupRelax,0,,,,0
hennybutabi,https://www.youtube.com/@hennybutabi,probado_flojo,0.27,"ya probado, no despegó",93400,491194,1,0.29,856628,Man Builds 3 INSANE DIY Electric Bikes Using Vehicles Parts | Start to Finish by @hennybutabi,1,1.8,30,Quantam Tech HD,0
pirazyoko5127,https://www.youtube.com/@pirazyoko5127,probado_flojo,0.27,"ya probado, no despegó",26900,43215,1,0.28,848250,Man Builds DIY Multifunctional WORKBENCH at Home | From Scratch by @pirazyoko5127,0,,,,0
christiangreen612,https://www.youtube.com/@christiangreen612,probado_flojo,0.27,"ya probado, no despegó",9680,352989,1,0.28,837342,Man Builds Amazing DIY TRAILER CAMPER CARAVAN | Start to Finish by @christiangreen612,2,2.3,29588,TTI Build Stories ,0
ilyadonetskov,https://www.youtube.com/@ilyadonetskov,probado_flojo,0.27,"ya probado, no despegó",164000,155663,1,0.28,836408,Man Builds Amazing House for $40.000 | Start to Finish by @ilyadonetskov,0,,,,0
CountryBoy-82,https://www.youtube.com/@CountryBoy-82,probado_flojo,0.27,"ya probado, no despegó",11700,21640,1,0.28,832725,Man Builds DIY Off-Grid WOODEN HOUSE In The Mountains | Start To Finish By @CountryBoy-82,0,,,,0
foodstory5916,https://www.youtube.com/@foodstory5916,probado_flojo,0.27,"ya probado, no despegó",115000,621974,1,0.27,823108,Mind-Blowing Food Production Processes You've Never Seen | by @foodstory5916,0,,,,0
Alone_with_nature_vova,https://www.youtube.com/@Alone_with_nature_vova,probado_flojo,0.27,"ya probado, no despegó",131000,476409,1,0.27,814890,Man Builds Mountain LOG House Alone | Start to Finish @Alone_with_nature_vova,5,6.0,77812,TTI Build Stories ,0
SmartEasyDIYer,https://www.youtube.com/@SmartEasyDIYer,probado_flojo,0.27,"ya probado, no despegó",142000,50116,1,0.27,799139,Man Turns an Empty Space into a Dream Garage | @SmartEasyDIYer,1,1.2,40,ULTIMATE BUILD LAD DIY,0
GCK-8,https://www.youtube.com/@GCK-8,probado_flojo,0.27,"ya probado, no despegó",119000,94762,1,0.27,796810,Man Restores 35-Year-Old Classic Car Back to New | Start to Finish by @GCK-8,0,,,,0
ranchodochapeu,https://www.youtube.com/@ranchodochapeu,probado_flojo,0.27,"ya probado, no despegó",127000,33772,1,0.26,782372,Young Couple Builds DIY DREAM Home in Mountains from Scratch | Full Process by @ranchodochapeu,0,,,,0
brandoconklin,https://www.youtube.com/@brandoconklin,probado_flojo,0.27,"ya probado, no despegó",3220,36057,1,0.26,778583,Man Builds DIY Truck Camper for ONLY $800 | Start to Finish by @brandoconklin,0,,,,0
TheFixerHomeRepair,https://www.youtube.com/@TheFixerHomeRepair,probado_flojo,0.27,"ya probado, no despegó",665000,296484,1,0.26,773885,Man Transforms Old House Into DREAM HOME In 8 Years | By @TheFixerHomeRepair,0,,,,0
RoamLyfe,https://www.youtube.com/@RoamLyfe,probado_flojo,0.27,"ya probado, no despegó",102000,63099,1,0.25,747778,Man Rebuilds EX-ARMY Off-Road Camper Vehicle | Start to Finish by @RoamLyfe,0,,,,0
Homesteadwildernesscabin,https://www.youtube.com/@Homesteadwildernesscabin,probado_flojo,0.27,"ya probado, no despegó",20000,8360,1,0.25,747667,Man Builds AMAZING River LOG CABIN in the Woods | Start to Finish by @Homesteadwildernesscabin,0,,,,0
samodelka3604,https://www.youtube.com/@samodelka3604,probado_flojo,0.27,"ya probado, no despegó",200000,667430,1,0.25,740275,Genius Welder Turns Rusty Scrap into 5 Incredible DIY Stoves | by @samodelka3604,0,,,,0
viainfinda,https://www.youtube.com/@viainfinda,probado_flojo,0.27,"ya probado, no despegó",2340000,504867,1,0.25,737690,Young Couple Builds DIY MOBILE HOME from Scratch | Start to Finish by @viainfinda,0,,,,0
beavercreekbuilds,https://www.youtube.com/@beavercreekbuilds,probado_flojo,0.27,"ya probado, no despegó",9900,130469,1,0.25,736056,Man Builds DIY SHED Using ONLY Trees in the Wild | Start to Finish by @beavercreekbuilds,0,,,,0
cleanup994,https://www.youtube.com/@cleanup994,probado_flojo,0.27,"ya probado, no despegó",205000,41711,1,0.24,715721,Young Woman Builds Wooden FARMHOUSE Alone in JUST 60 Days | Start to Finish by @cleanup994,0,,,,0
birdiebuster,https://www.youtube.com/@birdiebuster,probado_flojo,0.27,"ya probado, no despegó",59600,25538,1,0.24,711421,Woodturning Regular Objects into Masterpieces | by @birdiebuster,0,,,,0
ramizinthewild,https://www.youtube.com/@ramizinthewild,probado_flojo,0.27,"ya probado, no despegó",313000,1634172,1,0.23,703879,Survival Expert Spends 4 DAYS Building UNDERGROUND SHELTER | by @ramizinthewild,6,1.9,1509126,AKLA GELEN,0
Theonewhobuilds-kz7tr,https://www.youtube.com/@Theonewhobuilds-kz7tr,probado_flojo,0.27,"ya probado, no despegó",48900,229250,2,0.23,695844,Man Builds Hobbit House with STONES and LOGS by the River | by @Theonewhobuilds-kz7tr,2,10.8,2627,Q Makers,0
pedullastudio,https://www.youtube.com/@pedullastudio,probado_flojo,0.27,"ya probado, no despegó",449000,879896,1,0.23,690748,Man Makes the BEST Woodworking WORKBENCH Step by Step | by @pedullastudio,0,,,,0
SONOFZAGROS,https://www.youtube.com/@SONOFZAGROS,probado_flojo,0.27,"ya probado, no despegó",10000,136932,1,0.22,672114,Man Builds Secret Underground Cabin in the Wilderness | by @SONOFZAGROS,0,,,,0
BushcraftHakankarahan,https://www.youtube.com/@BushcraftHakankarahan,probado_flojo,0.27,"ya probado, no despegó",895000,970611,2,0.21,632083,Man Spends 30 DAYS Living in the Forest Building Bushcraft Shelters | ASMR@BushcraftHakankarahan,3,1.5,12,Rustic Builds,0
CleanUpFreeTeam,https://www.youtube.com/@CleanUpFreeTeam,probado_flojo,0.27,"ya probado, no despegó",251000,273205,1,0.21,618149,Young Woman Finds Her CHILDHOOD HOME Abandoned | Team Cleans It for FREE! By @CleanUpFreeTeam,1,0.6,10,Quantam Tech HD,0
HoiDIY,https://www.youtube.com/@HoiDIY,probado_flojo,0.27,"ya probado, no despegó",63500,79665,1,0.2,612614,Sons Surprise Parents Renovating 40-Year-Old House in 2 Years | by @HoiDIY,0,,,,0
moricon_diy,https://www.youtube.com/@moricon_diy,probado_flojo,0.27,"ya probado, no despegó",113000,177125,1,0.2,597273,Young Woman Restores 45-YEAR-OLD Mountain Hut Back to New | Start to Finish by @moricon_diy,0,,,,0
chadichabib,https://www.youtube.com/@chadichabib,probado_flojo,0.27,"ya probado, no despegó",106000,96557,1,0.2,589828,Man Renovates an Old House Room by Room | Start to Finish by @chadichabib,0,,,,0
Yunica520,https://www.youtube.com/@Yunica520,probado_flojo,0.27,"ya probado, no despegó",264000,1049297,1,0.2,589187,China's Top 5 Manufacturing and Mass Production Videos | by @Yunica520,0,,,,0
BStarCrafts,https://www.youtube.com/@BStarCrafts,probado_flojo,0.27,"ya probado, no despegó",302000,684777,1,0.2,587088,Amazing Woodworking Hacks for Every DIY Enthusiast | by @BStarCrafts,0,,,,0
garage9845,https://www.youtube.com/@garage9845,probado_flojo,0.27,"ya probado, no despegó",46800,185142,1,0.19,581860,Man Repairs Rotten Old Truck Back to New | Start to Finish Conversion by @garage9845,1,14.1,184100,TTI Build Stories ,0
survivalliar,https://www.youtube.com/@survivalliar,probado_flojo,0.27,"ya probado, no despegó",221000,281081,1,0.19,571409,Father and Son Build Incredible OFF-GRID Shelters Through Rain in the Forest | by @survivalliar,0,,,,0
TinoCarCare,https://www.youtube.com/@TinoCarCare,probado_flojo,0.27,"ya probado, no despegó",367000,416930,1,0.18,548560,Man Deep Cleaning 8 Incredible LUXURY Cars | Satisfying Full Detailing by @TinoCarCare,0,,,,0
cottagecampers,https://www.youtube.com/@cottagecampers,probado_flojo,0.27,"ya probado, no despegó",28500,71417,1,0.18,543557,Man Builds DIY Space Saving CAMPERVAN | Start to Finish by @cottagecampers,0,,,,0
MobileDwellings,https://www.youtube.com/@MobileDwellings,probado_flojo,0.27,"ya probado, no despegó",328000,209837,1,0.17,507710,Man Turns SCHOOL BUS Into TINY HOUSE on Wheels | Start to Finish by @MobileDwellings,0,,,,0
PROMOTORbl,https://www.youtube.com/@PROMOTORbl,probado_flojo,0.27,"ya probado, no despegó",185000,76271,1,0.17,497637,Man Fully RESTORES Mercedes TRUCK ENGINE Perfectly | Start to Finish by @PROMOTORbl,0,,,,0
LastBushSurvival,https://www.youtube.com/@LastBushSurvival,probado_flojo,0.27,"ya probado, no despegó",1330000,4023937,1,0.16,493083,Survival and Outdoor Tips and Hacks That Work Extremely Well | by @LastBushSurvival,0,,,,0
CarpenterShoyan,https://www.youtube.com/@CarpenterShoyan,probado_flojo,0.27,"ya probado, no despegó",883000,1013746,1,0.16,483318,Process of Building Amazing Japanese-Style House | Skilled Carpenter | by @CarpenterShoyan,0,,,,0
belbobr,https://www.youtube.com/@belbobr,probado_flojo,0.27,"ya probado, no despegó",35000,43394,1,0.16,480410,Amazing Tree Falling Technique with an Hydraulic Jack | by @belbobr,0,,,,0
AwesomeWoodcraft,https://www.youtube.com/@AwesomeWoodcraft,probado_flojo,0.27,"ya probado, no despegó",1000000,890473,1,0.15,455631,Man Builds Hyperealistic Heavy Vehicles from Wood at Scale | ASMR by @AwesomeWoodcraft,1,0.8,4,Aether Labs Tech,0
bushcraftoutdooradventures3135,https://www.youtube.com/@bushcraftoutdooradventures3135,probado_flojo,0.27,"ya probado, no despegó",99600,237954,1,0.15,448844,Man Builds a Log Hut in the Wild Forest in 6 Months by @bushcraftoutdooradventures3135,0,,,,0
Flame-Frame-VN,https://www.youtube.com/@Flame-Frame-VN,probado_flojo,0.27,"ya probado, no despegó",122000,404100,1,0.15,441310,Woman Rescues Flooded Car And Restores It Back To New | By @Flame-Frame-VN,1,10.3,577,FixNation,0
YASUHIROTV,https://www.youtube.com/@YASUHIROTV,probado_flojo,0.27,"ya probado, no despegó",1370000,2707950,1,0.14,426468,3 Brilliant Homemade Tool Ideas for Woodworking | Tips & Hacks by @YASUHIROTV,1,0.9,3303,Namtum Makers,0
houseofyachtsoslo,https://www.youtube.com/@houseofyachtsoslo,probado_flojo,0.27,"ya probado, no despegó",5510,2897,1,0.14,417203,Man Buys ABANDONED Boat for $500 and Restores It Back to New | Start to Finish @houseofyachtsoslo,0,,,,0
master4life,https://www.youtube.com/@master4life,probado_flojo,0.27,"ya probado, no despegó",25500,84110,1,0.14,411032,Building Amazing DIY Backyard Deck with BBQ Grill Step-by-Step | by @master4life,0,,,,0
Handanxie,https://www.youtube.com/@Handanxie,probado_flojo,0.27,"ya probado, no despegó",96600,20816,1,0.13,377136,The MASSIVE Scale of Electric CAR Manufacturing | Start to Finish by @Handanxie,0,,,,0
serengyarchery,https://www.youtube.com/@serengyarchery,probado_flojo,0.27,"ya probado, no despegó",78900,506259,1,0.12,362984,Man Builds Amazing Homemade Weapons for Self-Defense | by @serengyarchery,0,,,,0
MKPROJECT-DOBOKU,https://www.youtube.com/@MKPROJECT-DOBOKU,probado_flojo,0.27,"ya probado, no despegó",143000,340345,1,0.12,357746,How Japan Builders Turn Weeks of work into 2-Day Canal Build | by @MKPROJECT-DOBOKU,0,,,,0
OnenessWithNature,https://www.youtube.com/@OnenessWithNature,probado_flojo,0.27,"ya probado, no despegó",9660,18711,1,0.12,349782,Man Builds STONE & LOG Dugout Cabin in the Wild | Full Build by @OnenessWithNature,0,,,,0
rcm_by,https://www.youtube.com/@rcm_by,probado_flojo,0.27,"ya probado, no despegó",63000,120758,1,0.11,342283,Full Restoration of a 50-Year-Old Classic Car | by @rcm_by,0,,,,0
cleanup68,https://www.youtube.com/@cleanup68,probado_flojo,0.27,"ya probado, no despegó",155000,229290,1,0.11,319325,Two Friends Transform BURIED HOUSE and Give it a New Life for Free | by @cleanup68,0,,,,0
tengokucamp,https://www.youtube.com/@tengokucamp,probado_flojo,0.27,"ya probado, no despegó",21200,51996,1,0.1,305926,Man Demolishes Abandoned Mountain House and Gives It a New Life | Start to Finish by @tengokucamp,0,,,,0
CNzhuyufeng,https://www.youtube.com/@CNzhuyufeng,probado_flojo,0.27,"ya probado, no despegó",83,220,1,0.1,297590,Man Buys RUINED HOUSE and Renovates it Back to New in 3 YEARS | Start to Finish by @CNzhuyufeng,0,,,,0
IslamShirinov-fh9eh,https://www.youtube.com/@IslamShirinov-fh9eh,probado_flojo,0.27,"ya probado, no despegó",5710,44129,1,0.1,287335,Survival Expert Builds 5 Amazing Shelters in the Wild | Start to Finish by @IslamShirinov-fh9eh,1,0.0,151,Cabin In the Woods,0
HKoutdoors76,https://www.youtube.com/@HKoutdoors76,probado_flojo,0.27,"ya probado, no despegó",26800,43926,1,0.1,285691,Man Builds HIDDEN SHELTERS in Wilderness | Solo Survival by @HKoutdoors76,1,1.2,364,Explore Creators ,0
Sieusangtao,https://www.youtube.com/@Sieusangtao,probado_flojo,0.27,"ya probado, no despegó",1650,0,1,0.09,279204,Man Builds Electrical Bike-Boat Never Seen Before | by @Sieusangtao,0,,,,0
skillmake,https://www.youtube.com/@skillmake,probado_flojo,0.27,"ya probado, no despegó",574000,1111078,1,0.09,271125,TOP 10 Crazy DIY Experiments You Won’t Believe! | by @skillmake,0,,,,0
DanLeeBoatbuilding,https://www.youtube.com/@DanLeeBoatbuilding,probado_flojo,0.27,"ya probado, no despegó",56200,34562,1,0.09,270469,Man Restores 50-Year-Old RACE BOAT Back to Life | Start to Finish by @DanLeeBoatbuilding,0,,,,0
tarzanasian-bushcraft8299,https://www.youtube.com/@tarzanasian-bushcraft8299,probado_flojo,0.27,"ya probado, no despegó",31100,42250,1,0.09,268408,Man Builds INCREDIBLE BAMBOO SHELTERS in Dangerous Rainforest | By @tarzanasian-bushcraft8299,0,,,,0
CommeUnPingouin,https://www.youtube.com/@CommeUnPingouin,probado_flojo,0.27,"ya probado, no despegó",428000,192431,1,0.09,263386,Couple Spends 3 YEARS Building Amazing Dream House | Start to Finish Construction @CommeUnPingouin,0,,,,0
slyexpeditions6579,https://www.youtube.com/@slyexpeditions6579,probado_flojo,0.27,"ya probado, no despegó",2220,8232,1,0.08,252681,Man Builds DIY Off Road CAMPER in His GARAGE | Start to Finish by @slyexpeditions6579,0,,,,0
SuroviPlotnik,https://www.youtube.com/@SuroviPlotnik,probado_flojo,0.27,"ya probado, no despegó",392000,434781,1,0.08,246396,Man Builds DIY Wooden House from Scratch | Start to Finish by @SuroviPlotnik,0,,,,0
process1314,https://www.youtube.com/@process1314,probado_flojo,0.27,"ya probado, no despegó",150000,287669,1,0.08,237943,TOP 3 Manufacturing And Mass Production Processes In Chinese Factories | by @process1314,0,,,,0
WoodworkingInspiration4196,https://www.youtube.com/@WoodworkingInspiration4196,probado_flojo,0.27,"ya probado, no despegó",61900,43340,1,0.08,236574,From Dead Wood to Stunning Epoxy Coffee Table | @WoodworkingInspiration4196,1,0.8,196,Q Makers,0
ytmmytmm,https://www.youtube.com/@ytmmytmm,probado_flojo,0.27,"ya probado, no despegó",87100,101461,1,0.07,222147,Man Buys $3000 Mountain Villa and Renovates it Back to New in 5 Years | by @ytmmytmm,1,0.0,1763,BRAIN TIME VT,0
JoelTremblayCA,https://www.youtube.com/@JoelTremblayCA,probado_flojo,0.27,"ya probado, no despegó",22800,29659,1,0.07,219910,Man Converts Cargo TRAILER into Overland CAMPER | Start to Finish by @JoelTremblayCA,1,1.5,25,Quantam Tech HD,0
TutorialCreativo,https://www.youtube.com/@TutorialCreativo,probado_flojo,0.27,"ya probado, no despegó",414000,227264,1,0.06,190820,Man Turns Old House into his Family Dream Home | Start to Finish @TutorialCreativo,0,,,,0
LihojTopor,https://www.youtube.com/@LihojTopor,probado_flojo,0.27,"ya probado, no despegó",1260000,582913,1,0.06,179711,Man Builds Amazing Smart Table of Epoxy Resin | by @LihojTopor,0,,,,0
kosyak,https://www.youtube.com/@kosyak,probado_flojo,0.27,"ya probado, no despegó",1020000,532397,1,0.06,178941,Building DIY Small Swimming Pool Low-Cost | Easy Step by Step by @kosyak,0,,,,0
KingFood,https://www.youtube.com/@KingFood,probado_flojo,0.27,"ya probado, no despegó",1650000,686259,1,0.06,172714,Korea's Top 5 Fish Farming and Seafood Manufacturing Processes | by @KingFood,0,,,,0
jishh,https://www.youtube.com/@jishh,probado_flojo,0.27,"ya probado, no despegó",123000,63750,1,0.06,165307,Man Restores 45-Years-Old Classic Motorcycle Back to New | Start to Finish by @jishh,0,,,,0
Fillproject,https://www.youtube.com/@Fillproject,probado_flojo,0.27,"ya probado, no despegó",48900,5826145,1,0.05,162842,Building Amazing DIY CAMPERVAN in 50 Days | Start to Finish Conversion by @Fillproject,0,,,,0
Letternoon-furniture,https://www.youtube.com/@Letternoon-furniture,probado_flojo,0.27,"ya probado, no despegó",80500,22629,1,0.05,160834,Man Transforms Wooden Boards into Masterpieces | Chinese Woodworking by @Letternoon-furniture,0,,,,0
knivesproject3349,https://www.youtube.com/@knivesproject3349,probado_flojo,0.27,"ya probado, no despegó",496000,828335,1,0.05,155157,Man Turns RANDOM Things Into AMAZING KNIVES | Start to Finish by @knivesproject3349,0,,,,0
Спас-Трак4х4,https://www.youtube.com/@Спас-Трак4х4,probado_flojo,0.27,"ya probado, no despegó",187000,281503,1,0.05,153419,Mind Blowing Recovery Jobs of HEAVY-DUTY Machinery Stuck in Extreme Situations | by @Спас-Трак4х4,0,,,,0
TheDetailGeek,https://www.youtube.com/@TheDetailGeek,probado_flojo,0.27,"ya probado, no despegó",3970000,413626,1,0.05,148438,Man Deep Cleans the NASTIEST Car Ever | INSANE Transformation by @TheDetailGeek,1,6.2,349,FixNation,0
NewYorkshireWorkshop,https://www.youtube.com/@NewYorkshireWorkshop,probado_flojo,0.27,"ya probado, no despegó",349000,683808,1,0.05,144756,"Man Builds Epic $20,000 CNC Router Machine in His Workshop | by @NewYorkshireWorkshop",0,,,,0
elephantcareunchained,https://www.youtube.com/@elephantcareunchained,probado_flojo,0.27,"ya probado, no despegó",32700,72461,1,0.05,144514,Man Skilfully Trims Elephant Landmine Injury and Foot Abscess | by @elephantcareunchained,0,,,,0
maketools2019,https://www.youtube.com/@maketools2019,probado_flojo,0.27,"ya probado, no despegó",224000,2484866,1,0.05,139506,Man Makes Genius Handyman Inventions & Homemade Tools | @maketools2019,0,,,,0
cementstove,https://www.youtube.com/@cementstove,probado_flojo,0.27,"ya probado, no despegó",444000,667703,1,0.05,139289,4 Amazing DIY Ideas to Make an Outdoor Kitchen At Home | by @cementstove,0,,,,0
BradenBuildz,https://www.youtube.com/@BradenBuildz,probado_flojo,0.27,"ya probado, no despegó",328000,709417,1,0.05,138119,Man Fully Restores Abandoned Trailer Back to New | Start to Finish by  @BradenBuildz,1,1.3,22,Quantam Tech HD,0
WargehBushcraft,https://www.youtube.com/@WargehBushcraft,probado_flojo,0.27,"ya probado, no despegó",823000,1459625,1,0.05,138009,Ice Fishing With My Dog & Surviving the Wild | An Epic Bushcraft Journey ASMR by @WargehBushcraft,1,2.6,754,Explore Creators ,0
CraigNakamotoConstruction,https://www.youtube.com/@CraigNakamotoConstruction,probado_flojo,0.27,"ya probado, no despegó",2810,133098,1,0.05,137928,TIMELAPSE - Man Builds a STUNNING CABIN in the Wilderness | by @CraigNakamotoConstruction,1,0.1,2,Quantam Tech HD,0
Watcheyes,https://www.youtube.com/@Watcheyes,probado_flojo,0.27,"ya probado, no despegó",119000,505141,1,0.04,134726,Man Restores 70-Years-Old Classic Watch Back to New | ASMR Process by @Watcheyes,0,,,,0
WillWoodDiywoodworking,https://www.youtube.com/@WillWoodDiywoodworking,probado_flojo,0.27,"ya probado, no despegó",301000,291388,1,0.04,127621,Handyman Tips & Hacks That Work Extremely Well by @WillWoodDiywoodworking,0,,,,0
aromanch,https://www.youtube.com/@aromanch,probado_flojo,0.27,"ya probado, no despegó",55400,85034,1,0.04,114865,23-Year-Old Man Fully Renovates a Japanese Home of 124 YEARS | by @aromanch,0,,,,0
restorediy,https://www.youtube.com/@restorediy,probado_flojo,0.27,"ya probado, no despegó",1060000,1612409,1,0.04,105938,Man Restores Rusty Hyperrealistic Airguns | From Start to Finish by @restorediy,1,1.6,8,Aether Labs Tech,0
creacionesterry2093,https://www.youtube.com/@creacionesterry2093,probado_flojo,0.27,"ya probado, no despegó",69800,100398,1,0.03,100817,"How to Make MANSION with 2,000 POPSICLE STICKS | by @creacionesterry2093",0,,,,0
sovety,https://www.youtube.com/@sovety,probado_flojo,0.27,"ya probado, no despegó",378000,245740,1,0.03,98624,Handyman Tips and Hacks That Work Extremely Well | by @sovety,0,,,,0
RandomHands,https://www.youtube.com/@RandomHands,probado_flojo,0.27,"ya probado, no despegó",6270000,8332774,1,0.03,89717,Man Turns Rusty Metal Into Stunning MELEE WEAPONS | Start to Finish by @RandomHands,0,,,,0
ShinobuHashimoto,https://www.youtube.com/@ShinobuHashimoto,probado_flojo,0.27,"ya probado, no despegó",102000,26774,1,0.02,72886,Man Makes Traditional Japanese Pot with Clay Turning Technique | by  @ShinobuHashimoto,0,,,,0
HomesteadingUncontained,https://www.youtube.com/@HomesteadingUncontained,sin_explorar,0.2698,sin explorar — predicción del modelo,37800,26104,0,0,0,,1,0.5,3324,Smart Fox,0
jeffreywaldman,https://www.youtube.com/@jeffreywaldman,sin_explorar,0.269,sin explorar — predicción del modelo,19600,176038,0,0,0,,1,0.1,110868,AKLA GELEN,0
sawyerslawncareservice,https://www.youtube.com/@sawyerslawncareservice,sin_explorar,0.2681,sin explorar — predicción del modelo,7610,8456,0,0,0,,1,1.1,14316,TTI Build Stories ,0
bradyoung2174,https://www.youtube.com/@bradyoung2174,sin_explorar,0.2678,sin explorar — predicción del modelo,978,13929,0,0,0,,2,1.5,1224548,AKLA GELEN,0
havgs1701,https://www.youtube.com/@havgs1701,sin_explorar,0.267,sin explorar — predicción del modelo,62400,250655,0,0,0,,2,1.1,10,Nova Builds HD,0
KORcountrysidelife,https://www.youtube.com/@KORcountrysidelife,sin_explorar,0.2669,sin explorar — predicción del modelo,1660,5410,0,0,0,,5,1.8,1470118,AKLA GELEN,0
PacificPinesRanch,https://www.youtube.com/@PacificPinesRanch,sin_explorar,0.2666,sin explorar — predicción del modelo,84300,37847,0,0,0,,1,0.2,8078,NEW VICTORY,0
mayilaicreatives,https://www.youtube.com/@mayilaicreatives,sin_explorar,0.265,sin explorar — predicción del modelo,21000,119797,0,0,0,,1,0.2,478,Clean & Restore Tech,0
TanSoLoSurvival,https://www.youtube.com/@TanSoLoSurvival,sin_explorar,0.2647,sin explorar — predicción del modelo,43300,133986,0,0,0,,1,2.2,27,Project Redline,0
ConstructiiInDetaliu,https://www.youtube.com/@ConstructiiInDetaliu,sin_explorar,0.2638,sin explorar — predicción del modelo,44500,94387,0,0,0,,1,1.0,34,ULTIMATE BUILD LAD DIY,0
darryldarks,https://www.youtube.com/@darryldarks,sin_explorar,0.2636,sin explorar — predicción del modelo,8910,28359,0,0,0,,2,0.7,15769,WildCraft Builds,0
UltimateTechHub,https://www.youtube.com/@UltimateTechHub,sin_explorar,0.2625,sin explorar — predicción del modelo,90300,46105,0,0,0,,1,0.2,1041,Smart Fox,0
BreakFreeHomestead,https://www.youtube.com/@BreakFreeHomestead,sin_explorar,0.2625,sin explorar — predicción del modelo,59500,35419,0,0,0,,1,0.3,898,Quantum Builders,0
secondgrowthhomes,https://www.youtube.com/@secondgrowthhomes,sin_explorar,0.2623,sin explorar — predicción del modelo,4990,2676,0,0,0,,1,2.1,13976,Smart Fox,0
2apples,https://www.youtube.com/@2apples,sin_explorar,0.2614,sin explorar — predicción del modelo,101000,141030,0,0,0,,1,0.0,779,CryptoThor,0
wetscapes,https://www.youtube.com/@wetscapes,sin_explorar,0.2608,sin explorar — predicción del modelo,2530,5009,0,0,0,,1,1.7,11441,Smart Fox,0
RCHBuilders,https://www.youtube.com/@RCHBuilders,sin_explorar,0.2554,sin explorar — predicción del modelo,1170,1212,0,0,0,,1,17.4,115688,Smart Fox,0
Exode-Rénovation,https://www.youtube.com/@Exode-Rénovation,sin_explorar,0.2546,sin explorar — predicción del modelo,21500,49870,0,0,0,,2,0.2,202765,Makerium,0
tieulinhrepair,https://www.youtube.com/@tieulinhrepair,sin_explorar,0.2526,sin explorar — predicción del modelo,22100,47957,0,0,0,,1,1.1,64,FixNation,0
TravelingbyTacoma,https://www.youtube.com/@TravelingbyTacoma,sin_explorar,0.2523,sin explorar — predicción del modelo,13500,38249,0,0,0,,1,0.3,324781,Makerium,0
RedRustRestoration,https://www.youtube.com/@RedRustRestoration,sin_explorar,0.2521,sin explorar — predicción del modelo,26800,363435,0,0,0,,1,0.0,6,H2 EcoTech,0
Solo.BushcraftTV,https://www.youtube.com/@Solo.BushcraftTV,sin_explorar,0.2514,sin explorar — predicción del modelo,4430,24546,0,0,0,,2,0.8,3266,Professional Skills,0
HomeSweetHomeAlaska,https://www.youtube.com/@HomeSweetHomeAlaska,sin_explorar,0.2477,sin explorar — predicción del modelo,33900,48483,0,0,0,,1,0.1,11948,Maker World,0
wtcreative,https://www.youtube.com/@wtcreative,sin_explorar,0.2477,sin explorar — predicción del modelo,58400,51808,0,0,0,,1,0.8,24,KORIX TECH,0
lambinhTuoitre,https://www.youtube.com/@lambinhTuoitre,sin_explorar,0.2477,sin explorar — predicción del modelo,60000,130633,0,0,0,,1,0.5,6,Creative Workshop DIY HD,0
WisdomPreserved,https://www.youtube.com/@WisdomPreserved,sin_explorar,0.2474,sin explorar — predicción del modelo,63500,3697,0,0,0,,1,0.6,4143,Smart Fox,0
Ishkinin_Outdoors,https://www.youtube.com/@Ishkinin_Outdoors,sin_explorar,0.2463,sin explorar — predicción del modelo,1900,53597,0,0,0,,1,0.7,4320,Smart Fox,0
BuiltintheUSA,https://www.youtube.com/@BuiltintheUSA,sin_explorar,0.246,sin explorar — predicción del modelo,17500,109954,0,0,0,,1,0.5,28,FixNation,0
GordeevaHike,https://www.youtube.com/@GordeevaHike,sin_explorar,0.2455,sin explorar — predicción del modelo,121000,75163,0,0,0,,1,0.0,11,H2 EcoTech,0
monobatiz,https://www.youtube.com/@monobatiz,sin_explorar,0.243,sin explorar — predicción del modelo,5610,129037,0,0,0,,1,0.2,684,Quantum Builders,0
FarisandLisa,https://www.youtube.com/@FarisandLisa,sin_explorar,0.2417,sin explorar — predicción del modelo,47200,86566,0,0,0,,1,3.1,11,ROAMING TECH,0
cabininthenorth,https://www.youtube.com/@cabininthenorth,sin_explorar,0.2395,sin explorar — predicción del modelo,3860,54525,0,0,0,,1,0.4,37266,MrS,0
The_Rebuild_Lab,https://www.youtube.com/@The_Rebuild_Lab,sin_explorar,0.2393,sin explorar — predicción del modelo,60000,28078,0,0,0,,2,0.1,5239,Life Rhythm TV,0
randomskills5773,https://www.youtube.com/@randomskills5773,sin_explorar,0.2391,sin explorar — predicción del modelo,15200,120115,0,0,0,,1,0.1,361,Professional Skills,0
diy8288,https://www.youtube.com/@diy8288,sin_explorar,0.2389,sin explorar — predicción del modelo,7010,12139,0,0,0,,5,0.7,1331,Construcciones Salvajes,0
TieuVyBuilding,https://www.youtube.com/@TieuVyBuilding,sin_explorar,0.2359,sin explorar — predicción del modelo,13500,23565,0,0,0,,1,0.4,128,The Makers HD,0
sethcraftshop,https://www.youtube.com/@sethcraftshop,sin_explorar,0.2354,sin explorar — predicción del modelo,27300,40554,0,0,0,,1,0.9,30,KORIX TECH,0
YachtCityLife,https://www.youtube.com/@YachtCityLife,sin_explorar,0.2343,sin explorar — predicción del modelo,26400,25122,0,0,0,,1,1.3,43,KORIX TECH,0
TheMaineWoods,https://www.youtube.com/@TheMaineWoods,sin_explorar,0.2336,sin explorar — predicción del modelo,65700,43717,0,0,0,,1,1.5,11,Olivia Hunt,0
Triệu_Phong_tv,https://www.youtube.com/@Triệu_Phong_tv,sin_explorar,0.2319,sin explorar — predicción del modelo,20600,65104,0,0,0,,1,0.4,19,Survival Skills,0
Elseweyr,https://www.youtube.com/@Elseweyr,sin_explorar,0.2316,sin explorar — predicción del modelo,6510,14913,0,0,0,,2,0.4,355349,AKLA GELEN,0
ThisOldJalopy,https://www.youtube.com/@ThisOldJalopy,sin_explorar,0.2316,sin explorar — predicción del modelo,42300,50691,0,0,0,,1,0.0,16154,Makerium,0
FreeRoamFitouts,https://www.youtube.com/@FreeRoamFitouts,sin_explorar,0.2291,sin explorar — predicción del modelo,20800,13603,0,0,0,,1,0.3,2035,Smart Fox,0
FarmGirlDaily,https://www.youtube.com/@FarmGirlDaily,sin_explorar,0.2268,sin explorar — predicción del modelo,5560,38362,0,0,0,,1,3.2,68,Endresz Bist,0
Gablok-maison-kit,https://www.youtube.com/@Gablok-maison-kit,sin_explorar,0.2255,sin explorar — predicción del modelo,10300,93630,0,0,0,,1,0.1,187,WoodCraft Empire,0
bushcraftandnature,https://www.youtube.com/@bushcraftandnature,sin_explorar,0.2254,sin explorar — predicción del modelo,23400,52467,0,0,0,,1,0.1,576,Wood & Steel Craft,0
LakeLotBuild,https://www.youtube.com/@LakeLotBuild,sin_explorar,0.2253,sin explorar — predicción del modelo,8410,23260,0,0,0,,1,0.2,225870,TechFreeze,0
stephandmicah,https://www.youtube.com/@stephandmicah,sin_explorar,0.2241,sin explorar — predicción del modelo,3420,4982,0,0,0,,3,0.8,11048,TTI Build Stories ,0
koscheyproject,https://www.youtube.com/@koscheyproject,sin_explorar,0.2236,sin explorar — predicción del modelo,9700,28722,0,0,0,,1,0.2,714,Quantum Builders,0
ibuilding7,https://www.youtube.com/@ibuilding7,sin_explorar,0.2235,sin explorar — predicción del modelo,10500,180209,0,0,0,,1,0.2,3,CONSTRUCTION OF SURVIVITY ,0
woody_allan,https://www.youtube.com/@woody_allan,sin_explorar,0.2223,sin explorar — predicción del modelo,3610,40603,0,0,0,,1,0.3,3774,TTI Build Stories ,0
riverrockcabin5941,https://www.youtube.com/@riverrockcabin5941,sin_explorar,0.2218,sin explorar — predicción del modelo,1540,3295,0,0,0,,1,1.0,89744,Maker World,0
Grovehide_Builds,https://www.youtube.com/@Grovehide_Builds,sin_explorar,0.2191,sin explorar — predicción del modelo,794,10152,0,0,0,,1,0.9,4034,Crafted Horizon,0
lathimui,https://www.youtube.com/@lathimui,sin_explorar,0.2162,sin explorar — predicción del modelo,16500,20204,0,0,0,,1,0.1,1413,Quantum Build Studio,0
mmbridgeco.ltd.3002,https://www.youtube.com/@mmbridgeco.ltd.3002,sin_explorar,0.2149,sin explorar — predicción del modelo,3080,22026,0,0,0,,1,1.1,106,Making Process,0
sharingsurvival,https://www.youtube.com/@sharingsurvival,sin_explorar,0.2128,sin explorar — predicción del modelo,7170,6629,0,0,0,,1,0.4,392590,TechFreeze,0
whyknotbuildit,https://www.youtube.com/@whyknotbuildit,sin_explorar,0.2115,sin explorar — predicción del modelo,8560,19902,0,0,0,,1,0.1,132585,Makerium,0
MichaelValentino,https://www.youtube.com/@MichaelValentino,sin_explorar,0.2114,sin explorar — predicción del modelo,1690,777,0,0,0,,1,1.3,1030459,AKLA GELEN,0
ArtSport,https://www.youtube.com/@ArtSport,sin_explorar,0.2079,sin explorar — predicción del modelo,5380,74069,0,0,0,,1,13.0,13,ArtisTech,0
DanZalinsky,https://www.youtube.com/@DanZalinsky,sin_explorar,0.2059,sin explorar — predicción del modelo,4460,10668,0,0,0,,2,0.3,264625,Makerium,0
FLManGarage,https://www.youtube.com/@FLManGarage,sin_explorar,0.205,sin explorar — predicción del modelo,27400,12761,0,0,0,,1,0.1,517,KLIFS TECH,0
KeeflaDiy,https://www.youtube.com/@KeeflaDiy,sin_explorar,0.204,sin explorar — predicción del modelo,4150,6183,0,0,0,,1,0.4,320459,AKLA GELEN,0
Fitiman,https://www.youtube.com/@Fitiman,sin_explorar,0.2037,sin explorar — predicción del modelo,1230,3913,0,0,0,,1,0.8,5645,Smart Fox,0
TNCreativeProject,https://www.youtube.com/@TNCreativeProject,sin_explorar,0.2018,sin explorar — predicción del modelo,10900,14729,0,0,0,,2,0.1,571,Professional Skills,0
diekleinewerkstatt727,https://www.youtube.com/@diekleinewerkstatt727,sin_explorar,0.1991,sin explorar — predicción del modelo,11000,14358,0,0,0,,1,0.1,17093,BRAIN TIME VT,0
AlmightyGod2512,https://www.youtube.com/@AlmightyGod2512,sin_explorar,0.1968,sin explorar — predicción del modelo,8560,4271,0,0,0,,1,0.4,629,Farm Tastic,0
tatsujinstyle,https://www.youtube.com/@tatsujinstyle,sin_explorar,0.1965,sin explorar — predicción del modelo,1090,13379,0,0,0,,1,1.6,160,Making Process,0
andriibushcraft34,https://www.youtube.com/@andriibushcraft34,sin_explorar,0.1958,sin explorar — predicción del modelo,800,3147,0,0,0,,1,4.1,1389,Buildra,0
Çelik_Ev_İskender_Usta,https://www.youtube.com/@Çelik_Ev_İskender_Usta,sin_explorar,0.1946,sin explorar — predicción del modelo,20000,5844,0,0,0,,1,0.9,29,KORIX TECH,0
RinaandMichael,https://www.youtube.com/@RinaandMichael,sin_explorar,0.1945,sin explorar — predicción del modelo,17600,5730,0,0,0,,2,0.1,71929,AKLA GELEN,0
ourtraveljournalnl,https://www.youtube.com/@ourtraveljournalnl,sin_explorar,0.1921,sin explorar — predicción del modelo,2220,5789,0,0,0,,1,0.4,355436,Makerium,0
Noru,https://www.youtube.com/@Noru,sin_explorar,0.1919,sin explorar — predicción del modelo,6,26197,0,0,0,,1,33.9,3318,Renovation Rescue HD,0
boxworks1001,https://www.youtube.com/@boxworks1001,sin_explorar,0.1907,sin explorar — predicción del modelo,4570,5377,0,0,0,,1,0.3,375,FuturisticTech,0
WildGnomosTV,https://www.youtube.com/@WildGnomosTV,sin_explorar,0.1906,sin explorar — predicción del modelo,4890,1958,0,0,0,,1,0.5,104747,World Build,0
WOODRESINStudio1,https://www.youtube.com/@WOODRESINStudio1,sin_explorar,0.1896,sin explorar — predicción del modelo,5960,3975,0,0,0,,1,0.8,77,Making Process,0
QTechGlobal,https://www.youtube.com/@QTechGlobal,sin_explorar,0.1879,sin explorar — predicción del modelo,4120,14860,0,0,0,,1,0.1,9310,Innovative Tech World,0
Primitivesurvivalcraft,https://www.youtube.com/@Primitivesurvivalcraft,sin_explorar,0.1839,sin explorar — predicción del modelo,17600,14196,0,0,0,,1,0.0,0,Nova Builds HD,0
BUSHCRAFT72H,https://www.youtube.com/@BUSHCRAFT72H,sin_explorar,0.1837,sin explorar — predicción del modelo,4210,16362,0,0,0,,1,0.6,18,KORIX TECH,0
mattandmouse,https://www.youtube.com/@mattandmouse,sin_explorar,0.182,sin explorar — predicción del modelo,2570,1870,0,0,0,,2,0.5,110460,Makers TV,0
NLOG_Leather,https://www.youtube.com/@NLOG_Leather,sin_explorar,0.181,sin explorar — predicción del modelo,2140,4423,0,0,0,,1,0.9,96,Making Process,0
apaodailylife,https://www.youtube.com/@apaodailylife,sin_explorar,0.1794,sin explorar — predicción del modelo,7760,12903,0,0,0,,1,0.9,9,Nova Builds HD,0
Tinspaces,https://www.youtube.com/@Tinspaces,sin_explorar,0.1735,sin explorar — predicción del modelo,4180,6127,0,0,0,,1,0.8,27,KORIX TECH,0
HOMEMADE,https://www.youtube.com/@HOMEMADE,sin_explorar,0.1726,sin explorar — predicción del modelo,139,16986,0,0,0,,1,1.4,140,Renovation Rescue HD,0
AxesGarage,https://www.youtube.com/@AxesGarage,sin_explorar,0.1717,sin explorar — predicción del modelo,3610,580,0,0,0,,1,0.6,1428,Techno Fusion HD,0
bywoodman,https://www.youtube.com/@bywoodman,sin_explorar,0.1703,sin explorar — predicción del modelo,2230,5991,0,0,0,,1,2.2,35,CONSTRUCTION OF SURVIVITY ,0
realmikethakur,https://www.youtube.com/@realmikethakur,sin_explorar,0.1669,sin explorar — predicción del modelo,350,536,0,0,0,,1,1.4,2639,Construcciones Salvajes,0
Perfectgroup2013,https://www.youtube.com/@Perfectgroup2013,sin_explorar,0.1634,sin explorar — predicción del modelo,49,633,0,0,0,,1,1.4,16259,Wood & Steel Craft,0
volodhendrix,https://www.youtube.com/@volodhendrix,sin_explorar,0.1617,sin explorar — predicción del modelo,378,1695,0,0,0,,1,0.6,4147,Smart Fox,0
UnderwoodHomes,https://www.youtube.com/@UnderwoodHomes,sin_explorar,0.1578,sin explorar — predicción del modelo,5350,3763,0,0,0,,1,0.3,11,KORIX TECH,0
Hadioutdooradventures,https://www.youtube.com/@Hadioutdooradventures,sin_explorar,0.1456,sin explorar — predicción del modelo,1770,5663,0,0,0,,1,4.0,4,ArtisTech,0
AHeartLikeDavids,https://www.youtube.com/@AHeartLikeDavids,sin_explorar,0.1448,sin explorar — predicción del modelo,1590,7150,0,0,0,,1,0.0,0,Olivia Hunt,0
adventuresakahayang,https://www.youtube.com/@adventuresakahayang,sin_explorar,0.136,sin explorar — predicción del modelo,1800,583,0,0,0,,1,0.2,1034,Smart Fox,0
Christine,https://www.youtube.com/@Christine,sin_explorar,0.1353,sin explorar — predicción del modelo,108,84,0,0,0,,1,3.1,3830,TECH REVIEWS,0
MrHoaBushcraft,https://www.youtube.com/@MrHoaBushcraft,sin_explorar,0.1303,sin explorar — predicción del modelo,138,6551,0,0,0,,1,0.0,4772,Machine stage,0
bodhibus,https://www.youtube.com/@bodhibus,sin_explorar,0.1206,sin explorar — predicción del modelo,1120,528,0,0,0,,1,0.0,20714,AKLA GELEN,0
The,https://www.youtube.com/@The,sin_explorar,0.1157,sin explorar — predicción del modelo,1890,0,0,0,0,,2,0.7,922,Rebuilding HD,0
Camtrairuwnggia,https://www.youtube.com/@Camtrairuwnggia,sin_explorar,0.1123,sin explorar — predicción del modelo,341,1026,0,0,0,,1,0.0,17,Maexology,0
MOUNTAINLIFESTYLE,https://www.youtube.com/@MOUNTAINLIFESTYLE,sin_explorar,0.1118,sin explorar — predicción del modelo,967,682,0,0,0,,1,0.0,0,Project Redline,0
Ruslan,https://www.youtube.com/@Ruslan,sin_explorar,0.1049,sin explorar — predicción del modelo,46,582,0,0,0,,1,0.4,40,Renovation Rescue HD,0
WELDPRO,https://www.youtube.com/@WELDPRO,sin_explorar,0.1045,sin explorar — predicción del modelo,35,1,0,0,0,,1,48.2,4723,Renovation Rescue HD,0
KENAN,https://www.youtube.com/@KENAN,sin_explorar,0.102,sin explorar — predicción del modelo,113,1125,0,0,0,,1,0.0,49,Cabin In the Woods,0
NHẾT,https://www.youtube.com/@NHẾT,sin_explorar,0.0889,sin explorar — predicción del modelo,1,0,0,0,0,,1,4.2,3248,DIY UNIQUE CREATIONS,0
ThanhBoat,https://www.youtube.com/@ThanhBoat,sin_explorar,0.0826,sin explorar — predicción del modelo,0,0,0,0,0,,1,2.1,1655,DIY UNIQUE CREATIONS,0
Girl,https://www.youtube.com/@Girl,sin_explorar,0.079,sin explorar — predicción del modelo,162,0,0,0,0,,1,0.5,51,Renovation Rescue HD,0
European,https://www.youtube.com/@European,sin_explorar,0.076,sin explorar — predicción del modelo,16,0,0,0,0,,1,2.3,224,Renovation Rescue HD,0
Mustaqim,https://www.youtube.com/@Mustaqim,sin_explorar,0.0739,sin explorar — predicción del modelo,2,0,0,0,0,,1,3.7,365,Renovation Rescue HD,0
Lesnon,https://www.youtube.com/@Lesnon,sin_explorar,0.0739,sin explorar — predicción del modelo,2,16,0,0,0,,1,0.9,90,Renovation Rescue HD,0
QuantamTech,https://www.youtube.com/@QuantamTech,sin_explorar,0.0725,sin explorar — predicción del modelo,24,34,0,0,0,,1,1.2,20,Quantam Tech HD,0
woodjunkie,https://www.youtube.com/@woodjunkie,sin_explorar,0.0719,sin explorar — predicción del modelo,6,0,0,0,0,,2,1.6,174,Home Renov,0
AmbitionStrikes1.On.T.elegram,https://www.youtube.com/@AmbitionStrikes1.On.T.elegram,sin_explorar,0.0567,sin explorar — predicción del modelo,0,0,0,0,0,,1,1.4,21,The Builder's Stage,0
